time,sat_name,subRegion,angle_g_param
2026-02-24T07:32:37.795Z,SCD 1,A--19,0.25
2026-02-24T07:32:37.795Z,CALSPHERE 2,A--544,0.25
2026-02-24T07:32:37.795Z,HST,A--561,0.25
2026-02-24T07:32:37.795Z,CALSPHERE 4A,A--513,0.25
2026-02-24T07:32:37.795Z,HST,A--517,0.25
2026-02-24T07:32:37.795Z,SCD 1,A--510,0.25
2026-02-24T07:32:37.795Z,CALSPHERE 4A,A--509,0.25
2026-02-24T07:32:37.795Z,CALSPHERE 2,A--503,0.25
2026-02-24T07:32:37.795Z,SCD 1,A--507,0.25
2026-02-24T07:32:37.795Z,CALSPHERE 4A,A--506,0.25
2026-02-24T07:32:37.795Z,CALSPHERE 4A,A--502,0.25
2026-02-24T07:32:37.795Z,CALSPHERE 4A,A--494,0.25
2026-02-24T07:32:37.795Z,CALSPHERE 4A,A--489,0.25
2026-02-24T07:32:37.795Z,CALSPHERE 4A,A--491,0.25
2026-02-24T07:32:37.795Z,CALSPHERE 1,A--486,0.25
2026-02-24T07:32:37.795Z,CALSPHERE 2,A--481,0.25
2026-02-24T07:32:37.795Z,CALSPHERE 4A,A--476,0.25
2026-02-24T07:32:37.795Z,SCD 1,A--536,0.25
2026-02-24T07:32:37.795Z,CALSPHERE 4A,A--473,0.25
2026-02-24T07:32:37.795Z,CALSPHERE 4A,A--470,0.25
2026-02-24T07:32:37.795Z,SCD 1,A--26,0.25
2026-02-24T07:32:37.795Z,CALSPHERE 2,A--508,0.25
2026-02-24T07:32:37.795Z,HST,A--512,0.25
2026-02-24T07:32:37.795Z,HST,A--28,0.25
2026-02-24T07:32:37.795Z,HST,A--29,0.25
2026-02-24T07:32:37.795Z,CALSPHERE 4A,A--29,0.25
2026-02-24T07:32:38.795Z,SCD 1,A--19,0.25
2026-02-24T07:32:38.795Z,SCD 1,A--26,0.25
2026-02-24T07:32:38.795Z,CALSPHERE 2,A--499,0.25
2026-02-24T07:32:38.795Z,CALSPHERE 1,A--502,0.25
2026-02-24T07:32:38.795Z,CALSPHERE 4A,A--502,0.25
2026-02-24T07:32:38.795Z,HST,A--28,0.25
2026-02-24T07:32:38.795Z,SCD 1,A--515,0.25
2026-02-24T07:32:38.795Z,CALSPHERE 2,A--514,0.25
2026-02-24T07:32:38.795Z,SCD 1,A--512,0.25
2026-02-24T07:32:38.795Z,CALSPHERE 4A,A--512,0.25
2026-02-24T07:32:38.795Z,CALSPHERE 2,A--512,0.25
2026-02-24T07:32:38.795Z,CALSPHERE 2,A--558,0.25
2026-02-24T07:32:38.795Z,CALSPHERE 1,A--543,0.25
2026-02-24T07:32:38.795Z,CALSPHERE 2,A--496,0.25
2026-02-24T07:32:38.795Z,CALSPHERE 1,A--496,0.25
2026-02-24T07:32:38.795Z,CALSPHERE 2,A--497,0.25
2026-02-24T07:32:38.795Z,CALSPHERE 4A,A--554,0.25
2026-02-24T07:32:38.795Z,CALSPHERE 4A,A--555,0.25
2026-02-24T07:32:38.795Z,SCD 1,A--532,0.25
2026-02-24T07:32:38.795Z,HST,A--29,0.25
2026-02-24T07:32:38.795Z,CALSPHERE 1,A--28,0.25
2026-02-24T07:32:38.795Z,CALSPHERE 1,A--26,0.25
2026-02-24T07:32:38.795Z,CALSPHERE 2,A--26,0.25
2026-02-24T07:32:38.795Z,CALSPHERE 4A,A--479,0.25
2026-02-24T07:32:38.795Z,CALSPHERE 2,A--488,0.25
2026-02-24T07:32:38.795Z,CALSPHERE 1,A--496,0.25
2026-02-24T07:32:38.795Z,CALSPHERE 4A,A--493,0.25
2026-02-24T07:32:38.795Z,CALSPHERE 1,A--559,0.25
2026-02-24T07:32:38.795Z,HST,A--566,0.25
2026-02-24T07:32:38.795Z,CALSPHERE 1,A--515,0.25
2026-02-24T07:32:38.795Z,CALSPHERE 4A,A--514,0.25
2026-02-24T07:32:38.795Z,CALSPHERE 1,A--496,0.25
2026-02-24T07:32:38.795Z,CALSPHERE 1,A--487,0.25
2026-02-24T07:32:38.795Z,CALSPHERE 2,A--514,0.25
2026-02-24T07:32:38.795Z,HST,A--517,0.25
2026-02-24T07:32:38.795Z,CALSPHERE 1,A--513,0.25
2026-02-24T07:32:38.795Z,CALSPHERE 2,A--556,0.25
2026-02-24T07:32:38.795Z,CALSPHERE 1,A--548,0.25
2026-02-24T07:32:38.795Z,CALSPHERE 1,A--507,0.25
2026-02-24T07:32:38.795Z,CALSPHERE 2,A--487,0.25
2026-02-24T07:32:38.795Z,CALSPHERE 1,A--29,0.25
2026-02-24T07:32:39.795Z,CALSPHERE 2,A--19,0.25
2026-02-24T07:32:39.795Z,SCD 1,A--26,0.25
2026-02-24T07:32:39.795Z,CALSPHERE 4A,A--505,0.25
2026-02-24T07:32:39.795Z,CALSPHERE 1,A--507,0.25
2026-02-24T07:32:39.795Z,CALSPHERE 4A,A--468,0.25
2026-02-24T07:32:39.795Z,CALSPHERE 4A,A--471,0.25
2026-02-24T07:32:39.795Z,CALSPHERE 2,A--498,0.25
2026-02-24T07:32:39.795Z,CALSPHERE 1,A--500,0.25
2026-02-24T07:32:39.795Z,HST,A--28,0.25
2026-02-24T07:32:39.795Z,CALSPHERE 4A,A--483,0.25
2026-02-24T07:32:39.795Z,CALSPHERE 1,A--485,0.25
2026-02-24T07:32:39.795Z,CALSPHERE 4A,A--495,0.25
2026-02-24T07:32:39.795Z,CALSPHERE 2,A--497,0.25
2026-02-24T07:32:39.795Z,CALSPHERE 2,A--485,0.25
2026-02-24T07:32:39.795Z,CALSPHERE 4A,A--528,0.25
2026-02-24T07:32:39.795Z,CALSPHERE 1,A--479,0.25
2026-02-24T07:32:39.795Z,SCD 1,A--516,0.25
2026-02-24T07:32:39.795Z,SCD 1,A--545,0.25
2026-02-24T07:32:39.795Z,CALSPHERE 2,A--514,0.25
2026-02-24T07:32:39.795Z,CALSPHERE 4A,A--482,0.25
2026-02-24T07:32:39.795Z,CALSPHERE 1,A--511,0.25
2026-02-24T07:32:39.795Z,HST,A--512,0.25
2026-02-24T07:32:39.795Z,HST,A--512,0.25
2026-02-24T07:32:39.795Z,SCD 1,A--504,0.25
2026-02-24T07:32:39.795Z,CALSPHERE 2,A--503,0.25
2026-02-24T07:32:39.795Z,CALSPHERE 1,A--507,0.25
2026-02-24T07:32:39.795Z,CALSPHERE 1,A--482,0.25
2026-02-24T07:32:39.795Z,HST,A--514,0.25
2026-02-24T07:32:39.795Z,HST,A--530,0.25
2026-02-24T07:32:39.795Z,CALSPHERE 4A,A--517,0.25
2026-02-24T07:32:39.795Z,HST,A--29,0.25
2026-02-24T07:32:39.795Z,SCD 1,A--19,0.25
2026-02-24T07:32:39.795Z,CALSPHERE 1,A--491,0.25
2026-02-24T07:32:39.795Z,CALSPHERE 2,A--26,0.25
2026-02-24T07:32:39.795Z,CALSPHERE 2,A--28,0.25
2026-02-24T07:32:39.795Z,CALSPHERE 1,A--19,0.25
2026-02-24T07:32:39.795Z,SCD 1,A--512,0.25
2026-02-24T07:32:39.795Z,CALSPHERE 2,A--510,0.25
2026-02-24T07:32:39.795Z,CALSPHERE 4A,A--492,0.25
2026-02-24T07:32:39.795Z,CALSPHERE 2,A--565,0.25
2026-02-24T07:32:39.795Z,CALSPHERE 1,A--544,0.25
2026-02-24T07:32:39.795Z,SCD 1,A--535,0.25
2026-02-24T07:32:39.795Z,CALSPHERE 2,A--490,0.25
2026-02-24T07:32:40.795Z,SCD 1,A--19,0.25
2026-02-24T07:32:40.795Z,SCD 1,A--26,0.25
2026-02-24T07:32:40.795Z,SCD 1,A--515,0.25
2026-02-24T07:32:40.795Z,HST,A--28,0.25
2026-02-24T07:32:40.795Z,CALSPHERE 4A,A--484,0.25
2026-02-24T07:32:40.795Z,CALSPHERE 2,A--562,0.25
2026-02-24T07:32:40.795Z,CALSPHERE 4A,A--511,0.25
2026-02-24T07:32:40.795Z,CALSPHERE 1,A--508,0.25
2026-02-24T07:32:40.795Z,SCD 1,A--512,0.25
2026-02-24T07:32:40.795Z,CALSPHERE 1,A--492,0.25
2026-02-24T07:32:40.795Z,CALSPHERE 1,A--488,0.25
2026-02-24T07:32:40.795Z,CALSPHERE 4A,A--492,0.25
2026-02-24T07:32:40.795Z,HST,A--29,0.25
2026-02-24T07:32:40.795Z,CALSPHERE 1,A--26,0.25
2026-02-24T07:32:40.795Z,CALSPHERE 1,A--500,0.25
2026-02-24T07:32:40.795Z,CALSPHERE 2,A--502,0.25
2026-02-24T07:32:40.795Z,CALSPHERE 4A,A--498,0.25
2026-02-24T07:32:40.795Z,CALSPHERE 2,A--491,0.25
2026-02-24T07:32:40.795Z,CALSPHERE 1,A--490,0.25
2026-02-24T07:32:40.795Z,CALSPHERE 2,A--489,0.25
2026-02-24T07:32:40.795Z,CALSPHERE 2,A--19,0.25
2026-02-24T07:32:41.795Z,SCD 1,A--19,0.25
2026-02-24T07:32:41.795Z,SCD 1,A--26,0.25
2026-02-24T07:32:41.795Z,CALSPHERE 2,A--480,0.25
2026-02-24T07:32:41.795Z,HST,A--520,0.25
2026-02-24T07:32:41.795Z,CALSPHERE 4A,A--560,0.25
2026-02-24T07:32:41.795Z,CALSPHERE 4A,A--535,0.25
2026-02-24T07:32:41.795Z,CALSPHERE 1,A--482,0.25
2026-02-24T07:32:41.795Z,HST,A--28,0.25
2026-02-24T07:32:41.795Z,HST,A--29,0.25
2026-02-24T07:32:41.795Z,HST,A--555,0.25
2026-02-24T07:32:41.795Z,CALSPHERE 2,A--542,0.25
2026-02-24T07:32:41.795Z,CALSPHERE 1,A--499,0.25
2026-02-24T07:32:41.795Z,CALSPHERE 2,A--498,0.25
2026-02-24T07:32:41.795Z,CALSPHERE 4A,A--500,0.25
2026-02-24T07:32:41.795Z,CALSPHERE 1,A--545,0.25
2026-02-24T07:32:41.795Z,SCD 1,A--536,0.25
2026-02-24T07:32:41.795Z,CALSPHERE 1,A--545,0.25
2026-02-24T07:32:42.795Z,SCD 1,A--19,0.25
2026-02-24T07:32:42.795Z,SCD 1,A--26,0.25
2026-02-24T07:32:42.795Z,HST,A--28,0.25
2026-02-24T07:32:42.795Z,CALSPHERE 2,A--504,0.25
2026-02-24T07:32:42.795Z,SCD 1,A--503,0.25
2026-02-24T07:32:42.795Z,CALSPHERE 4A,A--506,0.25
2026-02-24T07:32:42.795Z,HST,A--29,0.25
2026-02-24T07:32:42.795Z,CALSPHERE 1,A--28,0.25
2026-02-24T07:32:43.795Z,SCD 1,A--19,0.25
2026-02-24T07:32:43.795Z,CALSPHERE 4A,A--510,0.25
2026-02-24T07:32:43.795Z,CALSPHERE 4A,A--531,0.25
2026-02-24T07:32:43.795Z,SCD 1,A--524,0.25
2026-02-24T07:32:43.795Z,CALSPHERE 2,A--531,0.25
2026-02-24T07:32:43.795Z,HST,A--508,0.25
2026-02-24T07:32:43.795Z,SCD 1,A--26,0.25
2026-02-24T07:32:43.795Z,CALSPHERE 1,A--475,0.25
2026-02-24T07:32:43.795Z,CALSPHERE 1,A--505,0.25
2026-02-24T07:32:43.795Z,CALSPHERE 1,A--517,0.25
2026-02-24T07:32:43.795Z,SCD 1,A--506,0.25
2026-02-24T07:32:43.795Z,CALSPHERE 2,A--486,0.25
2026-02-24T07:32:43.795Z,CALSPHERE 2,A--476,0.25
2026-02-24T07:32:43.795Z,HST,A--28,0.25
2026-02-24T07:32:43.795Z,HST,A--29,0.25
2026-02-24T07:32:43.795Z,CALSPHERE 1,A--512,0.25
2026-02-24T07:32:43.795Z,CALSPHERE 4A,A--517,0.25
2026-02-24T07:32:43.795Z,HST,A--517,0.25
2026-02-24T07:32:43.795Z,SCD 1,A--516,0.25
2026-02-24T07:32:43.795Z,HST,A--532,0.25
2026-02-24T07:32:43.795Z,SCD 1,A--545,0.25
2026-02-24T07:32:43.795Z,CALSPHERE 2,A--509,0.25
2026-02-24T07:32:43.795Z,HST,A--34,0.25
2026-02-24T07:32:43.795Z,CALSPHERE 2,A--503,0.25
2026-02-24T07:32:43.795Z,CALSPHERE 4A,A--506,0.25
2026-02-24T07:32:43.795Z,CALSPHERE 1,A--516,0.25
2026-02-24T07:32:43.795Z,CALSPHERE 2,A--515,0.25
2026-02-24T07:32:43.795Z,CALSPHERE 1,A--513,0.25
2026-02-24T07:32:43.795Z,SCD 1,A--506,0.25
2026-02-24T07:32:43.795Z,CALSPHERE 2,A--472,0.25
2026-02-24T07:32:43.795Z,CALSPHERE 4A,A--468,0.25
2026-02-24T07:32:43.795Z,CALSPHERE 2,A--29,0.25
2026-02-24T07:32:43.795Z,CALSPHERE 2,A--497,0.25
2026-02-24T07:32:43.795Z,CALSPHERE 1,A--495,0.25
2026-02-24T07:32:43.795Z,CALSPHERE 1,A--34,0.25
2026-02-24T07:32:44.795Z,SCD 1,A--19,0.25
2026-02-24T07:32:44.795Z,SCD 1,A--26,0.25
2026-02-24T07:32:44.795Z,HST,A--529,0.25
2026-02-24T07:32:44.795Z,CALSPHERE 1,A--549,0.25
2026-02-24T07:32:44.795Z,CALSPHERE 2,A--547,0.25
2026-02-24T07:32:44.795Z,SCD 1,A--512,0.25
2026-02-24T07:32:44.795Z,CALSPHERE 1,A--487,0.25
2026-02-24T07:32:44.795Z,CALSPHERE 4A,A--486,0.25
2026-02-24T07:32:44.795Z,HST,A--28,0.25
2026-02-24T07:32:44.795Z,CALSPHERE 2,A--477,0.25
2026-02-24T07:32:44.795Z,CALSPHERE 4A,A--475,0.25
2026-02-24T07:32:44.795Z,CALSPHERE 1,A--476,0.25
2026-02-24T07:32:44.795Z,HST,A--29,0.25
2026-02-24T07:32:44.795Z,HST,A--34,0.25
2026-02-24T07:32:44.795Z,CALSPHERE 1,A--29,0.25
2026-02-24T07:32:44.795Z,CALSPHERE 4A,A--491,0.25
2026-02-24T07:32:44.795Z,HST,A--509,0.25
2026-02-24T07:32:44.795Z,CALSPHERE 1,A--491,0.25
2026-02-24T07:32:44.795Z,CALSPHERE 2,A--491,0.25
2026-02-24T07:32:44.795Z,CALSPHERE 1,A--509,0.25
2026-02-24T07:32:44.795Z,CALSPHERE 4A,A--512,0.25
2026-02-24T07:32:44.795Z,CALSPHERE 1,A--28,0.25
2026-02-24T07:32:44.795Z,CALSPHERE 4A,A--513,0.25
2026-02-24T07:32:44.795Z,SCD 1,A--513,0.25
2026-02-24T07:32:45.795Z,SCD 1,A--19,0.25
2026-02-24T07:32:45.795Z,CALSPHERE 2,A--505,0.25
2026-02-24T07:32:45.795Z,CALSPHERE 1,A--507,0.25
2026-02-24T07:32:45.795Z,CALSPHERE 1,A--502,0.25
2026-02-24T07:32:45.795Z,SCD 1,A--26,0.25
2026-02-24T07:32:45.795Z,CALSPHERE 4A,A--506,0.25
2026-02-24T07:32:45.795Z,CALSPHERE 1,A--506,0.25
2026-02-24T07:32:45.795Z,CALSPHERE 2,A--508,0.25
2026-02-24T07:32:45.795Z,HST,A--28,0.25
2026-02-24T07:32:45.795Z,CALSPHERE 4A,A--503,0.25
2026-02-24T07:32:45.795Z,SCD 1,A--503,0.25
2026-02-24T07:32:45.795Z,HST,A--29,0.25
2026-02-24T07:32:45.795Z,HST,A--514,0.25
2026-02-24T07:32:45.795Z,CALSPHERE 2,A--517,0.25
2026-02-24T07:32:45.795Z,HST,A--34,0.25
2026-02-24T07:32:45.795Z,CALSPHERE 4A,A--480,0.25
2026-02-24T07:32:45.795Z,CALSPHERE 4A,A--540,0.25
2026-02-24T07:32:45.795Z,CALSPHERE 1,A--566,0.25
2026-02-24T07:32:45.795Z,SCD 1,A--567,0.25
2026-02-24T07:32:45.795Z,CALSPHERE 4A,A--493,0.25
2026-02-24T07:32:45.795Z,CALSPHERE 1,A--494,0.25
2026-02-24T07:32:45.795Z,CALSPHERE 2,A--496,0.25
2026-02-24T07:32:45.795Z,CALSPHERE 4A,A--489,0.25
2026-02-24T07:32:45.795Z,CALSPHERE 1,A--490,0.25
2026-02-24T07:32:45.795Z,CALSPHERE 4A,A--490,0.25
2026-02-24T07:32:45.795Z,CALSPHERE 2,A--516,0.25
2026-02-24T07:32:45.795Z,CALSPHERE 2,A--479,0.25
2026-02-24T07:32:45.795Z,CALSPHERE 4A,A--480,0.25
2026-02-24T07:32:46.795Z,SCD 1,A--19,0.25
2026-02-24T07:32:46.795Z,CALSPHERE 2,A--505,0.25
2026-02-24T07:32:46.795Z,CALSPHERE 4A,A--517,0.25
2026-02-24T07:32:46.795Z,SCD 1,A--515,0.25
2026-02-24T07:32:46.795Z,CALSPHERE 4A,A--507,0.25
2026-02-24T07:32:46.795Z,CALSPHERE 2,A--503,0.25
2026-02-24T07:32:46.795Z,CALSPHERE 4A,A--477,0.25
2026-02-24T07:32:46.795Z,CALSPHERE 2,A--477,0.25
2026-02-24T07:32:46.795Z,CALSPHERE 2,A--508,0.25
2026-02-24T07:32:46.795Z,CALSPHERE 4A,A--510,0.25
2026-02-24T07:32:46.795Z,CALSPHERE 1,A--509,0.25
2026-02-24T07:32:46.795Z,CALSPHERE 1,A--513,0.25
2026-02-24T07:32:46.795Z,HST,A--516,0.25
2026-02-24T07:32:46.795Z,CALSPHERE 2,A--502,0.25
2026-02-24T07:32:46.795Z,CALSPHERE 4A,A--499,0.25
2026-02-24T07:32:46.795Z,SCD 1,A--26,0.25
2026-02-24T07:32:46.795Z,HST,A--535,0.25
2026-02-24T07:32:46.795Z,HST,A--28,0.25
2026-02-24T07:32:46.795Z,HST,A--29,0.25
2026-02-24T07:32:46.795Z,HST,A--34,0.25
2026-02-24T07:32:46.795Z,SCD 1,A--507,0.25
2026-02-24T07:32:46.795Z,CALSPHERE 1,A--503,0.25
2026-02-24T07:32:46.795Z,CALSPHERE 1,A--19,0.25
2026-02-24T07:32:46.795Z,CALSPHERE 2,A--28,0.25
2026-02-24T07:32:46.795Z,CALSPHERE 1,A--481,0.25
2026-02-24T07:32:46.795Z,CALSPHERE 2,A--478,0.25
2026-02-24T07:32:47.795Z,SCD 1,A--19,0.25
2026-02-24T07:32:47.795Z,SCD 1,A--26,0.25
2026-02-24T07:32:47.795Z,HST,A--28,0.25
2026-02-24T07:32:47.795Z,CALSPHERE 4A,A--481,0.25
2026-02-24T07:32:47.795Z,HST,A--29,0.25
2026-02-24T07:32:47.795Z,CALSPHERE 2,A--472,0.25
2026-02-24T07:32:47.795Z,CALSPHERE 4A,A--468,0.25
2026-02-24T07:32:47.795Z,HST,A--34,0.25
2026-02-24T07:32:47.795Z,HST,A--511,0.25
2026-02-24T07:32:47.795Z,CALSPHERE 4A,A--483,0.25
2026-02-24T07:32:47.795Z,CALSPHERE 1,A--29,0.25
2026-02-24T07:32:48.795Z,SCD 1,A--19,0.25
2026-02-24T07:32:48.795Z,SCD 1,A--26,0.25
2026-02-24T07:32:48.795Z,CALSPHERE 1,A--480,0.25
2026-02-24T07:32:48.795Z,CALSPHERE 2,A--479,0.25
2026-02-24T07:32:48.795Z,HST,A--28,0.25
2026-02-24T07:32:48.795Z,HST,A--29,0.25
2026-02-24T07:32:48.795Z,HST,A--34,0.25
2026-02-24T07:32:48.795Z,CALSPHERE 1,A--28,0.25
2026-02-24T07:32:48.795Z,CALSPHERE 1,A--475,0.25
2026-02-24T07:32:48.795Z,CALSPHERE 2,A--475,0.25
2026-02-24T07:32:48.795Z,CALSPHERE 2,A--559,0.25
2026-02-24T07:32:48.795Z,CALSPHERE 4A,A--537,0.25
2026-02-24T07:32:48.795Z,CALSPHERE 4A,A--517,0.25
2026-02-24T07:32:48.795Z,CALSPHERE 1,A--514,0.25
2026-02-24T07:32:48.795Z,CALSPHERE 4A,A--477,0.25
2026-02-24T07:32:48.795Z,CALSPHERE 2,A--514,0.25
2026-02-24T07:32:49.795Z,SCD 1,A--19,0.25
2026-02-24T07:32:49.795Z,CALSPHERE 4A,A--552,0.25
2026-02-24T07:32:49.795Z,SCD 1,A--521,0.25
2026-02-24T07:32:49.795Z,CALSPHERE 2,A--563,0.25
2026-02-24T07:32:49.795Z,CALSPHERE 1,A--485,0.25
2026-02-24T07:32:49.795Z,SCD 1,A--26,0.25
2026-02-24T07:32:49.795Z,HST,A--28,0.25
2026-02-24T07:32:49.795Z,SCD 1,A--514,0.25
2026-02-24T07:32:49.795Z,CALSPHERE 1,A--481,0.25
2026-02-24T07:32:49.795Z,HST,A--29,0.25
2026-02-24T07:32:49.795Z,HST,A--34,0.25
2026-02-24T07:32:49.795Z,CALSPHERE 2,A--26,0.25
2026-02-24T07:32:49.795Z,CALSPHERE 4A,A--493,0.25
2026-02-24T07:32:49.795Z,CALSPHERE 2,A--496,0.25
2026-02-24T07:32:50.795Z,SCD 1,A--19,0.25
2026-02-24T07:32:50.795Z,CALSPHERE 1,A--545,0.25
2026-02-24T07:32:50.795Z,HST,A--567,0.25
2026-02-24T07:32:50.795Z,SCD 1,A--26,0.25
2026-02-24T07:32:50.795Z,HST,A--28,0.25
2026-02-24T07:32:50.795Z,CALSPHERE 2,A--483,0.25
2026-02-24T07:32:50.795Z,HST,A--29,0.25
2026-02-24T07:32:50.795Z,CALSPHERE 4A,A--503,0.25
2026-02-24T07:32:50.795Z,SCD 1,A--507,0.25
2026-02-24T07:32:50.795Z,CALSPHERE 2,A--506,0.25
2026-02-24T07:32:50.795Z,HST,A--34,0.25
2026-02-24T07:32:50.795Z,HST,A--514,0.25
2026-02-24T07:32:50.795Z,CALSPHERE 2,A--491,0.25
2026-02-24T07:32:50.795Z,CALSPHERE 4A,A--490,0.25
2026-02-24T07:32:51.795Z,SCD 1,A--19,0.25
2026-02-24T07:32:51.795Z,CALSPHERE 4A,A--478,0.25
2026-02-24T07:32:51.795Z,CALSPHERE 4A,A--502,0.25
2026-02-24T07:32:51.795Z,CALSPHERE 2,A--522,0.25
2026-02-24T07:32:51.795Z,CALSPHERE 1,A--501,0.25
2026-02-24T07:32:51.795Z,CALSPHERE 2,A--500,0.25
2026-02-24T07:32:51.795Z,HST,A--516,0.25
2026-02-24T07:32:51.795Z,CALSPHERE 2,A--517,0.25
2026-02-24T07:32:51.795Z,CALSPHERE 4A,A--516,0.25
2026-02-24T07:32:51.795Z,CALSPHERE 2,A--484,0.25
2026-02-24T07:32:51.795Z,SCD 1,A--26,0.25
2026-02-24T07:32:51.795Z,HST,A--28,0.25
2026-02-24T07:32:51.795Z,HST,A--29,0.25
2026-02-24T07:32:51.795Z,HST,A--34,0.25
2026-02-24T07:32:51.795Z,SCD 1,A--18,0.25
2026-02-24T07:32:51.795Z,CALSPHERE 4A,A--497,0.25
2026-02-24T07:32:51.795Z,CALSPHERE 1,A--494,0.25
2026-02-24T07:32:51.795Z,CALSPHERE 2,A--497,0.25
2026-02-24T07:32:51.795Z,SCD 1,A--512,0.25
2026-02-24T07:32:51.795Z,CALSPHERE 1,A--18,0.25
2026-02-24T07:32:53.795Z,SCD 1,A--18,0.25
2026-02-24T07:32:53.795Z,HST,A--509,0.25
2026-02-24T07:32:53.795Z,CALSPHERE 1,A--476,0.25
2026-02-24T07:32:53.795Z,CALSPHERE 2,A--500,0.25
2026-02-24T07:32:53.795Z,CALSPHERE 4A,A--502,0.25
2026-02-24T07:32:53.795Z,CALSPHERE 1,A--502,0.25
2026-02-24T07:32:53.795Z,CALSPHERE 1,A--473,0.25
2026-02-24T07:32:53.795Z,CALSPHERE 2,A--491,0.25
2026-02-24T07:32:53.795Z,SCD 1,A--529,0.25
2026-02-24T07:32:53.795Z,CALSPHERE 1,A--492,0.25
2026-02-24T07:32:53.795Z,CALSPHERE 2,A--491,0.25
2026-02-24T07:32:53.795Z,CALSPHERE 2,A--473,0.25
2026-02-24T07:32:53.795Z,SCD 1,A--19,0.25
2026-02-24T07:32:53.795Z,SCD 1,A--26,0.25
2026-02-24T07:32:53.795Z,HST,A--28,0.25
2026-02-24T07:32:53.795Z,CALSPHERE 1,A--499,0.25
2026-02-24T07:32:53.795Z,CALSPHERE 2,A--502,0.25
2026-02-24T07:32:53.795Z,HST,A--554,0.25
2026-02-24T07:32:53.795Z,CALSPHERE 4A,A--521,0.25
2026-02-24T07:32:53.795Z,CALSPHERE 4A,A--502,0.25
2026-02-24T07:32:53.795Z,CALSPHERE 1,A--517,0.25
2026-02-24T07:32:53.795Z,HST,A--29,0.25
2026-02-24T07:32:53.795Z,CALSPHERE 1,A--487,0.25
2026-02-24T07:32:53.795Z,CALSPHERE 2,A--499,0.25
2026-02-24T07:32:53.795Z,CALSPHERE 1,A--502,0.25
2026-02-24T07:32:53.795Z,CALSPHERE 4A,A--502,0.25
2026-02-24T07:32:53.795Z,SCD 1,A--516,0.25
2026-02-24T07:32:53.795Z,CALSPHERE 4A,A--516,0.25
2026-02-24T07:32:53.795Z,CALSPHERE 4A,A--487,0.25
2026-02-24T07:32:53.795Z,HST,A--34,0.25
2026-02-24T07:32:53.795Z,CALSPHERE 1,A--488,0.25
2026-02-24T07:32:56.795Z,SCD 1,A--18,0.25
2026-02-24T07:32:56.795Z,CALSPHERE 2,A--480,0.25
2026-02-24T07:32:56.795Z,HST,A--513,0.25
2026-02-24T07:32:56.795Z,SCD 1,A--513,0.25
2026-02-24T07:32:56.795Z,CALSPHERE 4A,A--509,0.25
2026-02-24T07:32:56.795Z,CALSPHERE 2,A--482,0.25
2026-02-24T07:32:56.795Z,CALSPHERE 1,A--498,0.25
2026-02-24T07:32:56.795Z,CALSPHERE 2,A--498,0.25
2026-02-24T07:32:56.795Z,CALSPHERE 4A,A--499,0.25
2026-02-24T07:32:56.795Z,SCD 1,A--19,0.25
2026-02-24T07:32:56.795Z,CALSPHERE 1,A--493,0.25
2026-02-24T07:32:56.795Z,CALSPHERE 4A,A--496,0.25
2026-02-24T07:32:56.795Z,SCD 1,A--26,0.25
2026-02-24T07:32:56.795Z,HST,A--28,0.25
2026-02-24T07:32:56.795Z,CALSPHERE 4A,A--475,0.25
2026-02-24T07:32:56.795Z,CALSPHERE 1,A--475,0.25
2026-02-24T07:32:56.795Z,CALSPHERE 1,A--517,0.25
2026-02-24T07:32:56.795Z,CALSPHERE 1,A--508,0.25
2026-02-24T07:32:56.795Z,SCD 1,A--512,0.25
2026-02-24T07:32:56.795Z,CALSPHERE 2,A--512,0.25
2026-02-24T07:32:56.795Z,CALSPHERE 2,A--514,0.25
2026-02-24T07:32:56.795Z,HST,A--29,0.25
2026-02-24T07:32:56.795Z,CALSPHERE 1,A--34,0.25
2026-02-24T07:33:00.795Z,SCD 1,A--18,0.25
2026-02-24T07:33:00.795Z,SCD 1,A--19,0.25
2026-02-24T07:33:00.795Z,CALSPHERE 4A,A--475,0.25
2026-02-24T07:33:00.795Z,CALSPHERE 2,A--475,0.25
2026-02-24T07:33:00.795Z,SCD 1,A--26,0.25
2026-02-24T07:33:00.795Z,SCD 1,A--511,0.25
2026-02-24T07:33:00.795Z,HST,A--512,0.25
2026-02-24T07:33:00.795Z,CALSPHERE 1,A--512,0.25
2026-02-24T07:33:00.795Z,HST,A--28,0.25
2026-02-24T07:33:00.795Z,HST,A--29,0.25
2026-02-24T07:33:00.795Z,HST,A--34,0.25
2026-02-24T07:33:00.795Z,CALSPHERE 4A,A--492,0.25
2026-02-24T07:33:00.795Z,CALSPHERE 4A,A--492,0.25
2026-02-24T07:33:00.795Z,CALSPHERE 1,A--545,0.25
2026-02-24T07:33:00.795Z,CALSPHERE 4A,A--533,0.25
2026-02-24T07:33:00.795Z,CALSPHERE 1,A--489,0.25
2026-02-24T07:33:00.795Z,CALSPHERE 4A,A--482,0.25
2026-02-24T07:33:00.795Z,CALSPHERE 4A,A--497,0.25
2026-02-24T07:33:00.795Z,CALSPHERE 1,A--494,0.25
2026-02-24T07:33:00.795Z,CALSPHERE 2,A--552,0.25
2026-02-24T07:33:00.795Z,CALSPHERE 1,A--520,0.25
2026-02-24T07:33:00.795Z,HST,A--566,0.25
2026-02-24T07:33:00.795Z,CALSPHERE 2,A--494,0.25
2026-02-24T07:33:00.795Z,SCD 1,A--513,0.25
2026-02-24T07:33:00.795Z,CALSPHERE 2,A--515,0.25
2026-02-24T07:33:00.795Z,CALSPHERE 1,A--513,0.25
2026-02-24T07:33:06.795Z,SCD 1,A--18,0.25
2026-02-24T07:33:06.795Z,SCD 1,A--19,0.25
2026-02-24T07:33:06.795Z,SCD 1,A--26,0.25
2026-02-24T07:33:06.795Z,CALSPHERE 2,A--509,0.25
2026-02-24T07:33:06.795Z,CALSPHERE 4A,A--513,0.25
2026-02-24T07:33:06.795Z,HST,A--517,0.25
2026-02-24T07:33:06.795Z,SCD 1,A--537,0.25
2026-02-24T07:33:06.795Z,HST,A--536,0.25
2026-02-24T07:33:06.795Z,CALSPHERE 4A,A--512,0.25
2026-02-24T07:33:06.795Z,CALSPHERE 2,A--476,0.25
2026-02-24T07:33:06.795Z,CALSPHERE 1,A--473,0.25
2026-02-24T07:33:06.795Z,SCD 1,A--508,0.25
2026-02-24T07:33:06.795Z,CALSPHERE 4A,A--474,0.25
2026-02-24T07:33:06.795Z,CALSPHERE 4A,A--498,0.25
2026-02-24T07:33:06.795Z,SCD 1,A--547,0.25
2026-02-24T07:33:06.795Z,CALSPHERE 4A,A--537,0.25
2026-02-24T07:33:06.795Z,CALSPHERE 2,A--536,0.25
2026-02-24T07:33:06.795Z,HST,A--28,0.25
2026-02-24T07:33:06.795Z,HST,A--29,0.25
2026-02-24T07:33:06.795Z,CALSPHERE 2,A--476,0.25
2026-02-24T07:33:06.795Z,CALSPHERE 2,A--490,0.25
2026-02-24T07:33:06.795Z,CALSPHERE 1,A--548,0.25
2026-02-24T07:33:06.795Z,HST,A--546,0.25
2026-02-24T07:33:06.795Z,CALSPHERE 4A,A--490,0.25
2026-02-24T07:33:06.795Z,CALSPHERE 2,A--488,0.25
2026-02-24T07:33:06.795Z,HST,A--34,0.25
2026-02-24T07:33:12.795Z,SCD 1,A--18,0.25
2026-02-24T07:33:12.795Z,CALSPHERE 1,A--492,0.25
2026-02-24T07:33:12.795Z,CALSPHERE 2,A--488,0.25
2026-02-24T07:33:12.795Z,SCD 1,A--520,0.25
2026-02-24T07:33:12.795Z,CALSPHERE 4A,A--491,0.25
2026-02-24T07:33:12.795Z,SCD 1,A--19,0.25
2026-02-24T07:33:12.795Z,CALSPHERE 1,A--498,0.25
2026-02-24T07:33:12.795Z,CALSPHERE 2,A--501,0.25
2026-02-24T07:33:12.795Z,CALSPHERE 4A,A--498,0.25
2026-02-24T07:33:12.795Z,CALSPHERE 4A,A--497,0.25
2026-02-24T07:33:12.795Z,HST,A--512,0.25
2026-02-24T07:33:12.795Z,CALSPHERE 1,A--511,0.25
2026-02-24T07:33:12.795Z,CALSPHERE 2,A--511,0.25
2026-02-24T07:33:12.795Z,CALSPHERE 4A,A--470,0.25
2026-02-24T07:33:12.795Z,CALSPHERE 2,A--472,0.25
2026-02-24T07:33:12.795Z,CALSPHERE 4A,A--468,0.25
2026-02-24T07:33:12.795Z,CALSPHERE 1,A--478,0.25
2026-02-24T07:33:12.795Z,SCD 1,A--26,0.25
2026-02-24T07:33:12.795Z,HST,A--28,0.25
2026-02-24T07:33:12.795Z,CALSPHERE 4A,A--478,0.25
2026-02-24T07:33:12.795Z,CALSPHERE 1,A--482,0.25
2026-02-24T07:33:12.795Z,HST,A--29,0.25
2026-02-24T07:33:12.795Z,CALSPHERE 2,A--480,0.25
2026-02-24T07:33:12.795Z,CALSPHERE 4A,A--478,0.25
2026-02-24T07:33:12.795Z,SCD 1,A--513,0.25
2026-02-24T07:33:12.795Z,CALSPHERE 2,A--515,0.25
2026-02-24T07:33:12.795Z,CALSPHERE 1,A--498,0.25
2026-02-24T07:33:12.795Z,CALSPHERE 2,A--479,0.25
2026-02-24T07:33:12.795Z,CALSPHERE 2,A--502,0.25
2026-02-24T07:33:12.795Z,CALSPHERE 1,A--500,0.25
2026-02-24T07:33:12.795Z,CALSPHERE 2,A--556,0.25
2026-02-24T07:33:12.795Z,CALSPHERE 1,A--558,0.25
2026-02-24T07:33:12.795Z,CALSPHERE 4A,A--518,0.25
2026-02-24T07:33:12.795Z,CALSPHERE 2,A--502,0.25
2026-02-24T07:33:12.795Z,HST,A--34,0.25
2026-02-24T07:33:12.795Z,CALSPHERE 1,A--485,0.25
2026-02-24T07:33:12.795Z,CALSPHERE 4A,A--484,0.25
2026-02-24T07:33:12.795Z,CALSPHERE 2,A--484,0.25
2026-02-24T07:33:12.795Z,CALSPHERE 1,A--480,0.25
2026-02-24T07:33:12.795Z,CALSPHERE 1,A--482,0.25
2026-02-24T07:33:12.795Z,CALSPHERE 1,A--494,0.25
2026-02-24T07:33:19.795Z,SCD 1,A--18,0.25
2026-02-24T07:33:19.795Z,SCD 1,A--19,0.25
2026-02-24T07:33:19.795Z,SCD 1,A--26,0.25
2026-02-24T07:33:19.795Z,HST,A--28,0.25
2026-02-24T07:33:19.795Z,HST,A--34,0.25
2026-02-24T07:33:19.795Z,CALSPHERE 4A,A--519,0.25
2026-02-24T07:33:19.795Z,CALSPHERE 2,A--538,0.25
2026-02-24T07:33:25.795Z,SCD 1,A--18,0.25
2026-02-24T07:33:25.795Z,HST,A--515,0.25
2026-02-24T07:33:25.795Z,CALSPHERE 1,A--504,0.25
2026-02-24T07:33:25.795Z,CALSPHERE 4A,A--505,0.25
2026-02-24T07:33:25.795Z,CALSPHERE 2,A--493,0.25
2026-02-24T07:33:25.795Z,CALSPHERE 4A,A--478,0.25
2026-02-24T07:33:25.795Z,SCD 1,A--546,0.25
2026-02-24T07:33:25.795Z,HST,A--555,0.25
2026-02-24T07:33:25.795Z,CALSPHERE 2,A--482,0.25
2026-02-24T07:33:25.795Z,SCD 1,A--19,0.25
2026-02-24T07:33:25.795Z,CALSPHERE 1,A--515,0.25
2026-02-24T07:33:25.795Z,CALSPHERE 4A,A--517,0.25
2026-02-24T07:33:25.795Z,CALSPHERE 4A,A--501,0.25
2026-02-24T07:33:25.795Z,SCD 1,A--26,0.25
2026-02-24T07:33:25.795Z,HST,A--28,0.25
2026-02-24T07:33:25.795Z,CALSPHERE 2,A--471,0.25
2026-02-24T07:33:25.795Z,CALSPHERE 4A,A--472,0.25
2026-02-24T07:33:25.795Z,CALSPHERE 2,A--485,0.25
2026-02-24T07:33:25.795Z,CALSPHERE 2,A--470,0.25
2026-02-24T07:33:25.795Z,CALSPHERE 1,A--488,0.25
2026-02-24T07:33:25.795Z,CALSPHERE 2,A--514,0.25
2026-02-24T07:33:25.795Z,HST,A--34,0.25
2026-02-24T07:33:32.795Z,SCD 1,A--18,0.25
2026-02-24T07:33:32.795Z,CALSPHERE 1,A--523,0.25
2026-02-24T07:33:32.795Z,SCD 1,A--558,0.25
2026-02-24T07:33:32.795Z,CALSPHERE 1,A--544,0.25
2026-02-24T07:33:32.795Z,CALSPHERE 4A,A--512,0.25
2026-02-24T07:33:32.795Z,HST,A--511,0.25
2026-02-24T07:33:32.795Z,CALSPHERE 4A,A--469,0.25
2026-02-24T07:33:32.795Z,CALSPHERE 2,A--470,0.25
2026-02-24T07:33:32.795Z,SCD 1,A--19,0.25
2026-02-24T07:33:32.795Z,SCD 1,A--26,0.25
2026-02-24T07:33:32.795Z,SCD 1,A--505,0.25
2026-02-24T07:33:32.795Z,HST,A--28,0.25
2026-02-24T07:33:32.795Z,CALSPHERE 2,A--510,0.25
2026-02-24T07:33:32.795Z,CALSPHERE 4A,A--511,0.25
2026-02-24T07:33:32.795Z,CALSPHERE 2,A--550,0.25
2026-02-24T07:33:32.795Z,HST,A--524,0.25
2026-02-24T07:33:32.795Z,SCD 1,A--510,0.25
2026-02-24T07:33:32.795Z,HST,A--34,0.25
2026-02-24T07:33:32.795Z,HST,A--35,0.25
2026-02-24T07:33:40.795Z,SCD 1,A--18,0.25
2026-02-24T07:33:40.795Z,CALSPHERE 1,A--515,0.25
2026-02-24T07:33:40.795Z,SCD 1,A--517,0.25
2026-02-24T07:33:40.795Z,HST,A--514,0.25
2026-02-24T07:33:40.795Z,CALSPHERE 1,A--509,0.25
2026-02-24T07:33:40.795Z,SCD 1,A--510,0.25
2026-02-24T07:33:40.795Z,SCD 1,A--19,0.25
2026-02-24T07:33:40.795Z,SCD 1,A--26,0.25
2026-02-24T07:33:40.795Z,CALSPHERE 4A,A--490,0.25
2026-02-24T07:33:40.795Z,CALSPHERE 1,A--28,0.25
2026-02-24T07:33:40.795Z,CALSPHERE 4A,A--510,0.25
2026-02-24T07:33:40.795Z,HST,A--34,0.25
2026-02-24T07:33:40.795Z,CALSPHERE 1,A--478,0.25
2026-02-24T07:33:40.795Z,CALSPHERE 2,A--478,0.25
2026-02-24T07:33:40.795Z,HST,A--35,0.25
2026-02-24T07:33:48.795Z,SCD 1,A--18,0.25
2026-02-24T07:33:48.795Z,CALSPHERE 4A,A--480,0.25
2026-02-24T07:33:48.795Z,CALSPHERE 1,A--504,0.25
2026-02-24T07:33:48.795Z,CALSPHERE 2,A--504,0.25
2026-02-24T07:33:48.795Z,CALSPHERE 1,A--507,0.25
2026-02-24T07:33:48.795Z,CALSPHERE 4A,A--480,0.25
2026-02-24T07:33:48.795Z,CALSPHERE 2,A--479,0.25
2026-02-24T07:33:48.795Z,CALSPHERE 2,A--495,0.25
2026-02-24T07:33:48.795Z,CALSPHERE 4A,A--499,0.25
2026-02-24T07:33:48.795Z,SCD 1,A--19,0.25
2026-02-24T07:33:48.795Z,CALSPHERE 4A,A--517,0.25
2026-02-24T07:33:48.795Z,SCD 1,A--26,0.25
2026-02-24T07:33:48.795Z,CALSPHERE 2,A--514,0.25
2026-02-24T07:33:48.795Z,CALSPHERE 4A,A--514,0.25
2026-02-24T07:33:48.795Z,HST,A--516,0.25
2026-02-24T07:33:48.795Z,HST,A--28,0.25
2026-02-24T07:33:48.795Z,CALSPHERE 2,A--492,0.25
2026-02-24T07:33:48.795Z,CALSPHERE 1,A--517,0.25
2026-02-24T07:33:48.795Z,SCD 1,A--517,0.25
2026-02-24T07:33:48.795Z,HST,A--34,0.25
2026-02-24T07:33:48.795Z,HST,A--35,0.25
2026-02-24T07:33:55.795Z,SCD 1,A--18,0.25
2026-02-24T07:33:55.795Z,CALSPHERE 4A,A--554,0.25
2026-02-24T07:33:55.795Z,CALSPHERE 1,A--541,0.25
2026-02-24T07:33:55.795Z,CALSPHERE 4A,A--544,0.25
2026-02-24T07:33:55.795Z,CALSPHERE 1,A--508,0.25
2026-02-24T07:33:55.795Z,CALSPHERE 2,A--511,0.25
2026-02-24T07:33:55.795Z,SCD 1,A--19,0.25
2026-02-24T07:33:55.795Z,CALSPHERE 4A,A--494,0.25
2026-02-24T07:33:55.795Z,HST,A--524,0.25
2026-02-24T07:33:55.795Z,SCD 1,A--26,0.25
2026-02-24T07:33:55.795Z,CALSPHERE 1,A--516,0.25
2026-02-24T07:33:55.795Z,CALSPHERE 4A,A--513,0.25
2026-02-24T07:33:55.795Z,HST,A--514,0.25
2026-02-24T07:33:55.795Z,CALSPHERE 2,A--507,0.25
2026-02-24T07:33:55.795Z,CALSPHERE 4A,A--505,0.25
2026-02-24T07:33:55.795Z,HST,A--28,0.25
2026-02-24T07:33:55.795Z,HST,A--34,0.25
2026-02-24T07:33:55.795Z,SCD 1,A--516,0.25
2026-02-24T07:33:55.795Z,SCD 1,A--543,0.25
2026-02-24T07:33:55.795Z,CALSPHERE 2,A--516,0.25
2026-02-24T07:33:55.795Z,CALSPHERE 1,A--488,0.25
2026-02-24T07:33:55.795Z,CALSPHERE 2,A--488,0.25
2026-02-24T07:33:55.795Z,CALSPHERE 4A,A--488,0.25
2026-02-24T07:33:55.795Z,CALSPHERE 1,A--497,0.25
2026-02-24T07:33:55.795Z,CALSPHERE 1,A--515,0.25
2026-02-24T07:33:55.795Z,CALSPHERE 2,A--517,0.25
2026-02-24T07:33:55.795Z,CALSPHERE 4A,A--497,0.25
2026-02-24T07:33:55.795Z,CALSPHERE 2,A--494,0.25
2026-02-24T07:33:55.795Z,HST,A--35,0.25
2026-02-24T07:34:02.795Z,SCD 1,A--19,0.25
2026-02-24T07:34:02.795Z,SCD 1,A--506,0.25
2026-02-24T07:34:02.795Z,HST,A--511,0.25
2026-02-24T07:34:02.795Z,SCD 1,A--503,0.25
2026-02-24T07:34:02.795Z,SCD 1,A--26,0.25
2026-02-24T07:34:02.795Z,HST,A--28,0.25
2026-02-24T07:34:02.795Z,HST,A--34,0.25
2026-02-24T07:34:02.795Z,CALSPHERE 1,A--489,0.25
2026-02-24T07:34:02.795Z,CALSPHERE 1,A--492,0.25
2026-02-24T07:34:02.795Z,CALSPHERE 2,A--525,0.25
2026-02-24T07:34:02.795Z,HST,A--35,0.25
2026-02-24T07:34:09.795Z,SCD 1,A--19,0.25
2026-02-24T07:34:09.795Z,CALSPHERE 4A,A--512,0.25
2026-02-24T07:34:09.795Z,CALSPHERE 4A,A--476,0.25
2026-02-24T07:34:09.795Z,CALSPHERE 4A,A--491,0.25
2026-02-24T07:34:09.795Z,HST,A--515,0.25
2026-02-24T07:34:09.795Z,SCD 1,A--517,0.25
2026-02-24T07:34:09.795Z,CALSPHERE 4A,A--514,0.25
2026-02-24T07:34:09.795Z,CALSPHERE 2,A--489,0.25
2026-02-24T07:34:09.795Z,CALSPHERE 1,A--473,0.25
2026-02-24T07:34:09.795Z,CALSPHERE 1,A--475,0.25
2026-02-24T07:34:09.795Z,CALSPHERE 1,A--494,0.25
2026-02-24T07:34:09.795Z,SCD 1,A--25,0.25
2026-02-24T07:34:09.795Z,CALSPHERE 4A,A--483,0.25
2026-02-24T07:34:09.795Z,CALSPHERE 1,A--486,0.25
2026-02-24T07:34:09.795Z,CALSPHERE 1,A--500,0.25
2026-02-24T07:34:09.795Z,CALSPHERE 1,A--491,0.25
2026-02-24T07:34:09.795Z,CALSPHERE 2,A--492,0.25
2026-02-24T07:34:09.795Z,CALSPHERE 2,A--468,0.25
2026-02-24T07:34:09.795Z,CALSPHERE 4A,A--472,0.25
2026-02-24T07:34:09.795Z,CALSPHERE 1,A--485,0.25
2026-02-24T07:34:09.795Z,CALSPHERE 4A,A--494,0.25
2026-02-24T07:34:09.795Z,SCD 1,A--26,0.25
2026-02-24T07:34:09.795Z,CALSPHERE 2,A--505,0.25
2026-02-24T07:34:09.795Z,HST,A--28,0.25
2026-02-24T07:34:09.795Z,HST,A--34,0.25
2026-02-24T07:34:09.795Z,HST,A--35,0.25
2026-02-24T07:34:09.795Z,CALSPHERE 2,A--508,0.25
2026-02-24T07:34:09.795Z,CALSPHERE 4A,A--550,0.25
2026-02-24T07:34:09.795Z,HST,A--531,0.25
2026-02-24T07:34:09.795Z,CALSPHERE 1,A--525,0.25
2026-02-24T07:34:09.795Z,CALSPHERE 1,A--510,0.25
2026-02-24T07:34:17.795Z,SCD 1,A--19,0.25
2026-02-24T07:34:17.795Z,SCD 1,A--25,0.25
2026-02-24T07:34:17.795Z,CALSPHERE 2,A--502,0.25
2026-02-24T07:34:17.795Z,SCD 1,A--518,0.25
2026-02-24T07:34:17.795Z,HST,A--508,0.25
2026-02-24T07:34:17.795Z,SCD 1,A--510,0.25
2026-02-24T07:34:17.795Z,CALSPHERE 4A,A--502,0.25
2026-02-24T07:34:17.795Z,CALSPHERE 1,A--500,0.25
2026-02-24T07:34:17.795Z,SCD 1,A--26,0.25
2026-02-24T07:34:17.795Z,HST,A--28,0.25
2026-02-24T07:34:17.795Z,SCD 1,A--515,0.25
2026-02-24T07:34:17.795Z,CALSPHERE 4A,A--513,0.25
2026-02-24T07:34:17.795Z,CALSPHERE 2,A--560,0.25
2026-02-24T07:34:17.795Z,HST,A--34,0.25
2026-02-24T07:34:17.795Z,CALSPHERE 4A,A--470,0.25
2026-02-24T07:34:17.795Z,CALSPHERE 1,A--528,0.25
2026-02-24T07:34:17.795Z,CALSPHERE 2,A--548,0.25
2026-02-24T07:34:17.795Z,HST,A--564,0.25
2026-02-24T07:34:17.795Z,CALSPHERE 1,A--503,0.25
2026-02-24T07:34:17.795Z,CALSPHERE 2,A--501,0.25
2026-02-24T07:34:17.795Z,SCD 1,A--518,0.25
2026-02-24T07:34:17.795Z,CALSPHERE 4A,A--538,0.25
2026-02-24T07:34:17.795Z,SCD 1,A--498,0.25
2026-02-24T07:34:17.795Z,CALSPHERE 2,A--470,0.25
2026-02-24T07:34:17.795Z,CALSPHERE 4A,A--509,0.25
2026-02-24T07:34:17.795Z,CALSPHERE 1,A--509,0.25
2026-02-24T07:34:17.795Z,CALSPHERE 2,A--470,0.25
2026-02-24T07:34:17.795Z,CALSPHERE 1,A--516,0.25
2026-02-24T07:34:17.795Z,CALSPHERE 2,A--515,0.25
2026-02-24T07:34:17.795Z,HST,A--517,0.25
2026-02-24T07:34:17.795Z,CALSPHERE 1,A--493,0.25
2026-02-24T07:34:17.795Z,HST,A--35,0.25
2026-02-24T07:34:25.795Z,SCD 1,A--25,0.25
2026-02-24T07:34:25.795Z,SCD 1,A--26,0.25
2026-02-24T07:34:25.795Z,HST,A--34,0.25
2026-02-24T07:34:25.795Z,CALSPHERE 4A,A--507,0.25
2026-02-24T07:34:25.795Z,CALSPHERE 2,A--529,0.25
2026-02-24T07:34:25.795Z,CALSPHERE 1,A--558,0.25
2026-02-24T07:34:25.795Z,SCD 1,A--542,0.25
2026-02-24T07:34:25.795Z,SCD 1,A--513,0.25
2026-02-24T07:34:25.795Z,CALSPHERE 2,A--517,0.25
2026-02-24T07:34:25.795Z,CALSPHERE 1,A--504,0.25
2026-02-24T07:34:25.795Z,CALSPHERE 2,A--505,0.25
2026-02-24T07:34:25.795Z,CALSPHERE 4A,A--544,0.25
2026-02-24T07:34:25.795Z,HST,A--519,0.25
2026-02-24T07:34:25.795Z,CALSPHERE 2,A--487,0.25
2026-02-24T07:34:25.795Z,CALSPHERE 1,A--498,0.25
2026-02-24T07:34:25.795Z,CALSPHERE 4A,A--34,0.25
2026-02-24T07:34:25.795Z,HST,A--35,0.25
2026-02-24T07:34:25.795Z,CALSPHERE 1,A--561,0.25
2026-02-24T07:34:25.795Z,SCD 1,A--537,0.25
2026-02-24T07:34:25.795Z,CALSPHERE 4A,A--536,0.25
2026-02-24T07:34:32.795Z,SCD 1,A--25,0.25
2026-02-24T07:34:32.795Z,SCD 1,A--26,0.25
2026-02-24T07:34:32.795Z,HST,A--34,0.25
2026-02-24T07:34:32.795Z,CALSPHERE 2,A--493,0.25
2026-02-24T07:34:32.795Z,CALSPHERE 1,A--496,0.25
2026-02-24T07:34:32.795Z,CALSPHERE 4A,A--505,0.25
2026-02-24T07:34:32.795Z,SCD 1,A--506,0.25
2026-02-24T07:34:32.795Z,CALSPHERE 4A,A--505,0.25
2026-02-24T07:34:32.795Z,CALSPHERE 4A,A--493,0.25
2026-02-24T07:34:32.795Z,SCD 1,A--512,0.25
2026-02-24T07:34:32.795Z,CALSPHERE 2,A--546,0.25
2026-02-24T07:34:32.795Z,HST,A--512,0.25
2026-02-24T07:34:32.795Z,CALSPHERE 4A,A--472,0.25
2026-02-24T07:34:32.795Z,CALSPHERE 1,A--469,0.25
2026-02-24T07:34:32.795Z,HST,A--35,0.25
2026-02-24T07:34:32.795Z,CALSPHERE 1,A--503,0.25
2026-02-24T07:34:32.795Z,SCD 1,A--506,0.25
2026-02-24T07:34:32.795Z,CALSPHERE 2,A--507,0.25
2026-02-24T07:34:32.795Z,HST,A--534,0.25
2026-02-24T07:34:32.795Z,CALSPHERE 4A,A--529,0.25
2026-02-24T07:34:32.795Z,SCD 1,A--522,0.25
2026-02-24T07:34:39.795Z,SCD 1,A--25,0.25
2026-02-24T07:34:39.795Z,SCD 1,A--26,0.25
2026-02-24T07:34:39.795Z,CALSPHERE 4A,A--487,0.25
2026-02-24T07:34:39.795Z,CALSPHERE 4A,A--484,0.25
2026-02-24T07:34:39.795Z,CALSPHERE 1,A--34,0.25
2026-02-24T07:34:39.795Z,HST,A--35,0.25
2026-02-24T07:34:46.795Z,SCD 1,A--25,0.25
2026-02-24T07:34:46.795Z,CALSPHERE 1,A--481,0.25
2026-02-24T07:34:46.795Z,CALSPHERE 4A,A--480,0.25
2026-02-24T07:34:46.795Z,CALSPHERE 1,A--531,0.25
2026-02-24T07:34:46.795Z,HST,A--564,0.25
2026-02-24T07:34:46.795Z,CALSPHERE 2,A--481,0.25
2026-02-24T07:34:46.795Z,CALSPHERE 2,A--511,0.25
2026-02-24T07:34:46.795Z,CALSPHERE 1,A--511,0.25
2026-02-24T07:34:46.795Z,CALSPHERE 2,A--529,0.25
2026-02-24T07:34:46.795Z,CALSPHERE 2,A--521,0.25
2026-02-24T07:34:46.795Z,SCD 1,A--26,0.25
2026-02-24T07:34:46.795Z,CALSPHERE 2,A--468,0.25
2026-02-24T07:34:46.795Z,CALSPHERE 4A,A--469,0.25
2026-02-24T07:34:46.795Z,HST,A--519,0.25
2026-02-24T07:34:46.795Z,CALSPHERE 4A,A--566,0.25
2026-02-24T07:34:46.795Z,SCD 1,A--551,0.25
2026-02-24T07:34:46.795Z,CALSPHERE 1,A--468,0.25
2026-02-24T07:34:46.795Z,SCD 1,A--511,0.25
2026-02-24T07:34:46.795Z,CALSPHERE 4A,A--508,0.25
2026-02-24T07:34:46.795Z,CALSPHERE 4A,A--515,0.25
2026-02-24T07:34:46.795Z,CALSPHERE 1,A--517,0.25
2026-02-24T07:34:46.795Z,HST,A--514,0.25
2026-02-24T07:34:46.795Z,CALSPHERE 2,A--508,0.25
2026-02-24T07:34:46.795Z,SCD 1,A--514,0.25
2026-02-24T07:34:46.795Z,CALSPHERE 1,A--553,0.25
2026-02-24T07:34:46.795Z,HST,A--532,0.25
2026-02-24T07:34:46.795Z,CALSPHERE 1,A--560,0.25
2026-02-24T07:34:46.795Z,HST,A--515,0.25
2026-02-24T07:34:46.795Z,CALSPHERE 4A,A--517,0.25
2026-02-24T07:34:46.795Z,CALSPHERE 2,A--483,0.25
2026-02-24T07:34:46.795Z,HST,A--34,0.25
2026-02-24T07:34:52.795Z,SCD 1,A--25,0.25
2026-02-24T07:34:52.795Z,CALSPHERE 2,A--497,0.25
2026-02-24T07:34:52.795Z,CALSPHERE 2,A--494,0.25
2026-02-24T07:34:52.795Z,SCD 1,A--499,0.25
2026-02-24T07:34:52.795Z,CALSPHERE 4A,A--501,0.25
2026-02-24T07:34:52.795Z,CALSPHERE 4A,A--496,0.25
2026-02-24T07:34:52.795Z,SCD 1,A--26,0.25
2026-02-24T07:34:52.795Z,CALSPHERE 2,A--516,0.25
2026-02-24T07:34:52.795Z,HST,A--34,0.25
2026-02-24T07:34:58.795Z,SCD 1,A--25,0.25
2026-02-24T07:34:58.795Z,CALSPHERE 4A,A--490,0.25
2026-02-24T07:34:58.795Z,CALSPHERE 1,A--516,0.25
2026-02-24T07:34:58.795Z,SCD 1,A--513,0.25
2026-02-24T07:34:58.795Z,CALSPHERE 2,A--488,0.25
2026-02-24T07:34:58.795Z,CALSPHERE 2,A--560,0.25
2026-02-24T07:34:58.795Z,CALSPHERE 4A,A--525,0.25
2026-02-24T07:34:58.795Z,SCD 1,A--523,0.25
2026-02-24T07:34:58.795Z,CALSPHERE 2,A--499,0.25
2026-02-24T07:34:58.795Z,CALSPHERE 1,A--502,0.25
2026-02-24T07:34:58.795Z,SCD 1,A--498,0.25
2026-02-24T07:34:58.795Z,HST,A--510,0.25
2026-02-24T07:34:58.795Z,CALSPHERE 1,A--547,0.25
2026-02-24T07:34:58.795Z,CALSPHERE 4A,A--557,0.25
2026-02-24T07:34:58.795Z,HST,A--511,0.25
2026-02-24T07:34:58.795Z,CALSPHERE 4A,A--517,0.25
2026-02-24T07:34:58.795Z,CALSPHERE 1,A--514,0.25
2026-02-24T07:34:58.795Z,HST,A--514,0.25
2026-02-24T07:34:58.795Z,SCD 1,A--506,0.25
2026-02-24T07:34:58.795Z,CALSPHERE 4A,A--504,0.25
2026-02-24T07:34:58.795Z,CALSPHERE 1,A--488,0.25
2026-02-24T07:34:58.795Z,SCD 1,A--26,0.25
2026-02-24T07:34:58.795Z,HST,A--34,0.25
2026-02-24T07:34:58.795Z,CALSPHERE 2,A--499,0.25
2026-02-24T07:34:58.795Z,CALSPHERE 4A,A--500,0.25
2026-02-24T07:34:58.795Z,SCD 1,A--498,0.25
2026-02-24T07:34:58.795Z,CALSPHERE 2,A--521,0.25
2026-02-24T07:34:58.795Z,SCD 1,A--548,0.25
2026-02-24T07:34:58.795Z,HST,A--566,0.25
2026-02-24T07:34:58.795Z,HST,A--41,0.25
2026-02-24T07:34:58.795Z,CALSPHERE 1,A--501,0.25
2026-02-24T07:34:58.795Z,CALSPHERE 1,A--468,0.25
2026-02-24T07:34:58.795Z,CALSPHERE 1,A--496,0.25
2026-02-24T07:34:58.795Z,CALSPHERE 2,A--497,0.25
2026-02-24T07:34:58.795Z,CALSPHERE 2,A--504,0.25
2026-02-24T07:34:58.795Z,CALSPHERE 1,A--504,0.25
2026-02-24T07:34:58.795Z,SCD 1,A--506,0.25
2026-02-24T07:34:58.795Z,CALSPHERE 4A,A--493,0.25
2026-02-24T07:34:58.795Z,CALSPHERE 4A,A--490,0.25
2026-02-24T07:34:58.795Z,CALSPHERE 4A,A--491,0.25
2026-02-24T07:34:58.795Z,CALSPHERE 4A,A--474,0.25
2026-02-24T07:34:58.795Z,CALSPHERE 2,A--473,0.25
2026-02-24T07:34:58.795Z,CALSPHERE 2,A--469,0.25
2026-02-24T07:34:58.795Z,CALSPHERE 4A,A--504,0.25
2026-02-24T07:34:58.795Z,CALSPHERE 2,A--488,0.25
2026-02-24T07:34:58.795Z,CALSPHERE 4A,A--469,0.25
2026-02-24T07:35:04.795Z,SCD 1,A--25,0.25
2026-02-24T07:35:04.795Z,CALSPHERE 1,A--507,0.25
2026-02-24T07:35:04.795Z,CALSPHERE 2,A--507,0.25
2026-02-24T07:35:04.795Z,CALSPHERE 4A,A--512,0.25
2026-02-24T07:35:04.795Z,CALSPHERE 2,A--528,0.25
2026-02-24T07:35:04.795Z,CALSPHERE 1,A--525,0.25
2026-02-24T07:35:04.795Z,SCD 1,A--509,0.25
2026-02-24T07:35:04.795Z,CALSPHERE 2,A--514,0.25
2026-02-24T07:35:04.795Z,SCD 1,A--515,0.25
2026-02-24T07:35:04.795Z,CALSPHERE 1,A--511,0.25
2026-02-24T07:35:04.795Z,HST,A--553,0.25
2026-02-24T07:35:04.795Z,SCD 1,A--529,0.25
2026-02-24T07:35:04.795Z,CALSPHERE 4A,A--538,0.25
2026-02-24T07:35:04.795Z,CALSPHERE 1,A--475,0.25
2026-02-24T07:35:04.795Z,SCD 1,A--26,0.25
2026-02-24T07:35:04.795Z,HST,A--34,0.25
2026-02-24T07:35:04.795Z,SCD 1,A--555,0.25
2026-02-24T07:35:04.795Z,CALSPHERE 4A,A--471,0.25
2026-02-24T07:35:04.795Z,CALSPHERE 2,A--468,0.25
2026-02-24T07:35:04.795Z,CALSPHERE 4A,A--518,0.25
2026-02-24T07:35:04.795Z,HST,A--537,0.25
2026-02-24T07:35:04.795Z,CALSPHERE 2,A--523,0.25
2026-02-24T07:35:04.795Z,CALSPHERE 1,A--469,0.25
2026-02-24T07:35:04.795Z,CALSPHERE 2,A--502,0.25
2026-02-24T07:35:04.795Z,CALSPHERE 1,A--514,0.25
2026-02-24T07:35:04.795Z,CALSPHERE 2,A--513,0.25
2026-02-24T07:35:04.795Z,HST,A--513,0.25
2026-02-24T07:35:04.795Z,CALSPHERE 4A,A--501,0.25
2026-02-24T07:35:04.795Z,HST,A--40,0.25
2026-02-24T07:35:04.795Z,HST,A--41,0.25
2026-02-24T07:35:04.795Z,CALSPHERE 4A,A--516,0.25
2026-02-24T07:35:04.795Z,CALSPHERE 2,A--514,0.25
2026-02-24T07:35:04.795Z,CALSPHERE 1,A--500,0.25
2026-02-24T07:35:04.795Z,HST,A--515,0.25
2026-02-24T07:35:04.795Z,CALSPHERE 1,A--479,0.25
2026-02-24T07:35:04.795Z,CALSPHERE 2,A--482,0.25
2026-02-24T07:35:04.795Z,CALSPHERE 1,A--496,0.25
2026-02-24T07:35:04.795Z,CALSPHERE 1,A--485,0.25
2026-02-24T07:35:04.795Z,CALSPHERE 2,A--485,0.25
2026-02-24T07:35:04.795Z,CALSPHERE 1,A--485,0.25
2026-02-24T07:35:04.795Z,CALSPHERE 1,A--532,0.25
2026-02-24T07:35:04.795Z,SCD 1,A--549,0.25
2026-02-24T07:35:04.795Z,HST,A--567,0.25
2026-02-24T07:35:11.795Z,SCD 1,A--25,0.25
2026-02-24T07:35:11.795Z,SCD 1,A--26,0.25
2026-02-24T07:35:11.795Z,HST,A--34,0.25
2026-02-24T07:35:11.795Z,HST,A--40,0.25
2026-02-24T07:35:11.795Z,CALSPHERE 2,A--495,0.25
2026-02-24T07:35:11.795Z,CALSPHERE 1,A--496,0.25
2026-02-24T07:35:11.795Z,CALSPHERE 4A,A--526,0.25
2026-02-24T07:35:11.795Z,CALSPHERE 2,A--559,0.25
2026-02-24T07:35:11.795Z,CALSPHERE 1,A--544,0.25
2026-02-24T07:35:11.795Z,CALSPHERE 4A,A--495,0.25
2026-02-24T07:35:11.795Z,CALSPHERE 4A,A--481,0.25
2026-02-24T07:35:11.795Z,HST,A--524,0.25
2026-02-24T07:35:11.795Z,CALSPHERE 4A,A--558,0.25
2026-02-24T07:35:11.795Z,SCD 1,A--521,0.25
2026-02-24T07:35:11.795Z,SCD 1,A--506,0.25
2026-02-24T07:35:11.795Z,CALSPHERE 2,A--503,0.25
2026-02-24T07:35:11.795Z,CALSPHERE 1,A--503,0.25
2026-02-24T07:35:11.795Z,CALSPHERE 1,A--481,0.25
2026-02-24T07:35:11.795Z,CALSPHERE 4A,A--478,0.25
2026-02-24T07:35:11.795Z,CALSPHERE 4A,A--504,0.25
2026-02-24T07:35:11.795Z,SCD 1,A--506,0.25
2026-02-24T07:35:11.795Z,CALSPHERE 2,A--509,0.25
2026-02-24T07:35:11.795Z,SCD 1,A--510,0.25
2026-02-24T07:35:11.795Z,CALSPHERE 2,A--506,0.25
2026-02-24T07:35:11.795Z,CALSPHERE 4A,A--509,0.25
2026-02-24T07:35:11.795Z,CALSPHERE 1,A--508,0.25
2026-02-24T07:35:11.795Z,HST,A--509,0.25
2026-02-24T07:35:11.795Z,HST,A--41,0.25
2026-02-24T07:35:18.795Z,SCD 1,A--25,0.25
2026-02-24T07:35:18.795Z,SCD 1,A--26,0.25
2026-02-24T07:35:18.795Z,CALSPHERE 4A,A--497,0.25
2026-02-24T07:35:18.795Z,HST,A--34,0.25
2026-02-24T07:35:18.795Z,SCD 1,A--514,0.25
2026-02-24T07:35:18.795Z,CALSPHERE 4A,A--516,0.25
2026-02-24T07:35:18.795Z,CALSPHERE 1,A--516,0.25
2026-02-24T07:35:18.795Z,CALSPHERE 1,A--503,0.25
2026-02-24T07:35:18.795Z,CALSPHERE 2,A--519,0.25
2026-02-24T07:35:18.795Z,CALSPHERE 1,A--567,0.25
2026-02-24T07:35:18.795Z,CALSPHERE 4A,A--506,0.25
2026-02-24T07:35:18.795Z,SCD 1,A--504,0.25
2026-02-24T07:35:18.795Z,HST,A--40,0.25
2026-02-24T07:35:18.795Z,CALSPHERE 1,A--491,0.25
2026-02-24T07:35:18.795Z,CALSPHERE 1,A--491,0.25
2026-02-24T07:35:18.795Z,CALSPHERE 2,A--490,0.25
2026-02-24T07:35:18.795Z,CALSPHERE 2,A--471,0.25
2026-02-24T07:35:18.795Z,HST,A--41,0.25
2026-02-24T07:35:25.795Z,SCD 1,A--25,0.25
2026-02-24T07:35:25.795Z,CALSPHERE 4A,A--523,0.25
2026-02-24T07:35:25.795Z,HST,A--526,0.25
2026-02-24T07:35:25.795Z,CALSPHERE 4A,A--502,0.25
2026-02-24T07:35:25.795Z,SCD 1,A--26,0.25
2026-02-24T07:35:25.795Z,HST,A--34,0.25
2026-02-24T07:35:25.795Z,SCD 1,A--501,0.25
2026-02-24T07:35:25.795Z,HST,A--40,0.25
2026-02-24T07:35:25.795Z,CALSPHERE 4A,A--489,0.25
2026-02-24T07:35:25.795Z,CALSPHERE 2,A--516,0.25
2026-02-24T07:35:25.795Z,CALSPHERE 4A,A--516,0.25
2026-02-24T07:35:25.795Z,HST,A--517,0.25
2026-02-24T07:35:25.795Z,CALSPHERE 1,A--490,0.25
2026-02-24T07:35:25.795Z,CALSPHERE 4A,A--490,0.25
2026-02-24T07:35:25.795Z,SCD 1,A--548,0.25
2026-02-24T07:35:25.795Z,CALSPHERE 2,A--564,0.25
2026-02-24T07:35:25.795Z,CALSPHERE 1,A--519,0.25
2026-02-24T07:35:25.795Z,HST,A--41,0.25
2026-02-24T07:35:25.795Z,CALSPHERE 2,A--473,0.25
2026-02-24T07:35:25.795Z,CALSPHERE 4A,A--484,0.25
2026-02-24T07:35:25.795Z,CALSPHERE 2,A--486,0.25
2026-02-24T07:35:25.795Z,CALSPHERE 2,A--512,0.25
2026-02-24T07:35:25.795Z,CALSPHERE 4A,A--476,0.25
2026-02-24T07:35:25.795Z,CALSPHERE 2,A--503,0.25
2026-02-24T07:35:25.795Z,CALSPHERE 1,A--506,0.25
2026-02-24T07:35:25.795Z,SCD 1,A--515,0.25
2026-02-24T07:35:25.795Z,CALSPHERE 4A,A--506,0.25
2026-02-24T07:35:25.795Z,HST,A--509,0.25
2026-02-24T07:35:25.795Z,CALSPHERE 1,A--513,0.25
2026-02-24T07:35:25.795Z,CALSPHERE 1,A--509,0.25
2026-02-24T07:35:25.795Z,CALSPHERE 4A,A--508,0.25
2026-02-24T07:35:32.795Z,SCD 1,A--25,0.25
2026-02-24T07:35:32.795Z,CALSPHERE 4A,A--513,0.25
2026-02-24T07:35:32.795Z,SCD 1,A--517,0.25
2026-02-24T07:35:32.795Z,CALSPHERE 1,A--517,0.25
2026-02-24T07:35:32.795Z,CALSPHERE 4A,A--468,0.25
2026-02-24T07:35:32.795Z,CALSPHERE 1,A--507,0.25
2026-02-24T07:35:32.795Z,CALSPHERE 1,A--472,0.25
2026-02-24T07:35:32.795Z,SCD 1,A--26,0.25
2026-02-24T07:35:32.795Z,HST,A--34,0.25
2026-02-24T07:35:32.795Z,HST,A--40,0.25
2026-02-24T07:35:32.795Z,HST,A--41,0.25
2026-02-24T07:35:32.795Z,CALSPHERE 2,A--511,0.25
2026-02-24T07:35:39.795Z,SCD 1,A--25,0.25
2026-02-24T07:35:39.795Z,SCD 1,A--26,0.25
2026-02-24T07:35:39.795Z,CALSPHERE 1,A--484,0.25
2026-02-24T07:35:39.795Z,HST,A--34,0.25
2026-02-24T07:35:39.795Z,CALSPHERE 1,A--480,0.25
2026-02-24T07:35:39.795Z,HST,A--40,0.25
2026-02-24T07:35:39.795Z,HST,A--41,0.25
2026-02-24T07:35:46.795Z,SCD 1,A--25,0.25
2026-02-24T07:35:46.795Z,SCD 1,A--26,0.25
2026-02-24T07:35:46.795Z,HST,A--34,0.25
2026-02-24T07:35:46.795Z,CALSPHERE 2,A--500,0.25
2026-02-24T07:35:46.795Z,HST,A--40,0.25
2026-02-24T07:35:46.795Z,CALSPHERE 4A,A--487,0.25
2026-02-24T07:35:46.795Z,CALSPHERE 1,A--485,0.25
2026-02-24T07:35:46.795Z,CALSPHERE 2,A--546,0.25
2026-02-24T07:35:46.795Z,HST,A--41,0.25
2026-02-24T07:35:46.795Z,SCD 1,A--502,0.25
2026-02-24T07:35:46.795Z,SCD 1,A--512,0.25
2026-02-24T07:35:46.795Z,HST,A--511,0.25
2026-02-24T07:35:46.795Z,CALSPHERE 1,A--500,0.25
2026-02-24T07:35:46.795Z,CALSPHERE 2,A--492,0.25
2026-02-24T07:35:46.795Z,CALSPHERE 1,A--492,0.25
2026-02-24T07:35:46.795Z,CALSPHERE 4A,A--488,0.25
2026-02-24T07:35:46.795Z,CALSPHERE 1,A--508,0.25
2026-02-24T07:35:52.795Z,SCD 1,A--25,0.25
2026-02-24T07:35:52.795Z,CALSPHERE 4A,A--483,0.25
2026-02-24T07:35:52.795Z,CALSPHERE 2,A--483,0.25
2026-02-24T07:35:52.795Z,CALSPHERE 2,A--498,0.25
2026-02-24T07:35:52.795Z,CALSPHERE 2,A--514,0.25
2026-02-24T07:35:52.795Z,CALSPHERE 4A,A--502,0.25
2026-02-24T07:35:52.795Z,CALSPHERE 1,A--484,0.25
2026-02-24T07:35:52.795Z,SCD 1,A--26,0.25
2026-02-24T07:35:52.795Z,CALSPHERE 4A,A--508,0.25
2026-02-24T07:35:52.795Z,CALSPHERE 2,A--511,0.25
2026-02-24T07:35:52.795Z,SCD 1,A--509,0.25
2026-02-24T07:35:52.795Z,HST,A--34,0.25
2026-02-24T07:35:52.795Z,HST,A--40,0.25
2026-02-24T07:35:52.795Z,CALSPHERE 4A,A--521,0.25
2026-02-24T07:35:52.795Z,HST,A--566,0.25
2026-02-24T07:35:52.795Z,CALSPHERE 1,A--469,0.25
2026-02-24T07:35:52.795Z,CALSPHERE 4A,A--471,0.25
2026-02-24T07:35:52.795Z,CALSPHERE 2,A--477,0.25
2026-02-24T07:35:52.795Z,CALSPHERE 2,A--506,0.25
2026-02-24T07:35:52.795Z,SCD 1,A--536,0.25
2026-02-24T07:35:52.795Z,SCD 1,A--507,0.25
2026-02-24T07:35:52.795Z,CALSPHERE 2,A--470,0.25
2026-02-24T07:35:52.795Z,HST,A--41,0.25
2026-02-24T07:35:52.795Z,CALSPHERE 4A,A--502,0.25
2026-02-24T07:35:52.795Z,CALSPHERE 1,A--559,0.25
2026-02-24T07:35:52.795Z,CALSPHERE 1,A--557,0.25
2026-02-24T07:35:52.795Z,CALSPHERE 2,A--564,0.25
2026-02-24T07:35:52.795Z,SCD 1,A--498,0.25
2026-02-24T07:35:52.795Z,CALSPHERE 1,A--500,0.25
2026-02-24T07:35:58.795Z,SCD 1,A--25,0.25
2026-02-24T07:35:58.795Z,CALSPHERE 4A,A--473,0.25
2026-02-24T07:35:58.795Z,CALSPHERE 2,A--494,0.25
2026-02-24T07:35:58.795Z,SCD 1,A--26,0.25
2026-02-24T07:35:58.795Z,HST,A--34,0.25
2026-02-24T07:35:58.795Z,SCD 1,A--542,0.25
2026-02-24T07:35:58.795Z,HST,A--520,0.25
2026-02-24T07:35:58.795Z,CALSPHERE 4A,A--522,0.25
2026-02-24T07:35:58.795Z,CALSPHERE 2,A--491,0.25
2026-02-24T07:35:58.795Z,CALSPHERE 2,A--546,0.25
2026-02-24T07:35:58.795Z,CALSPHERE 1,A--534,0.25
2026-02-24T07:35:58.795Z,HST,A--526,0.25
2026-02-24T07:35:58.795Z,CALSPHERE 4A,A--503,0.25
2026-02-24T07:35:58.795Z,HST,A--513,0.25
2026-02-24T07:35:58.795Z,HST,A--514,0.25
2026-02-24T07:35:58.795Z,SCD 1,A--517,0.25
2026-02-24T07:35:58.795Z,CALSPHERE 1,A--507,0.25
2026-02-24T07:35:58.795Z,SCD 1,A--504,0.25
2026-02-24T07:35:58.795Z,CALSPHERE 2,A--489,0.25
2026-02-24T07:35:58.795Z,CALSPHERE 4A,A--513,0.25
2026-02-24T07:35:58.795Z,CALSPHERE 1,A--492,0.25
2026-02-24T07:35:58.795Z,HST,A--40,0.25
2026-02-24T07:35:58.795Z,HST,A--41,0.25
2026-02-24T07:36:04.795Z,SCD 1,A--25,0.25
2026-02-24T07:36:04.795Z,SCD 1,A--26,0.25
2026-02-24T07:36:04.795Z,HST,A--34,0.25
2026-02-24T07:36:04.795Z,HST,A--40,0.25
2026-02-24T07:36:04.795Z,HST,A--41,0.25
2026-02-24T07:36:10.795Z,SCD 1,A--25,0.25
2026-02-24T07:36:10.795Z,SCD 1,A--26,0.25
2026-02-24T07:36:10.795Z,CALSPHERE 1,A--516,0.25
2026-02-24T07:36:10.795Z,CALSPHERE 2,A--514,0.25
2026-02-24T07:36:10.795Z,HST,A--517,0.25
2026-02-24T07:36:10.795Z,HST,A--34,0.25
2026-02-24T07:36:10.795Z,HST,A--40,0.25
2026-02-24T07:36:10.795Z,CALSPHERE 4A,A--484,0.25
2026-02-24T07:36:10.795Z,HST,A--41,0.25
2026-02-24T07:36:10.795Z,CALSPHERE 1,A--516,0.25
2026-02-24T07:36:10.795Z,SCD 1,A--513,0.25
2026-02-24T07:36:10.795Z,CALSPHERE 2,A--481,0.25
2026-02-24T07:36:10.795Z,CALSPHERE 4A,A--480,0.25
2026-02-24T07:36:10.795Z,CALSPHERE 4A,A--509,0.25
2026-02-24T07:36:10.795Z,CALSPHERE 4A,A--491,0.25
2026-02-24T07:36:10.795Z,CALSPHERE 4A,A--515,0.25
2026-02-24T07:36:10.795Z,SCD 1,A--520,0.25
2026-02-24T07:36:10.795Z,CALSPHERE 2,A--514,0.25
2026-02-24T07:36:10.795Z,SCD 1,A--516,0.25
2026-02-24T07:36:10.795Z,CALSPHERE 1,A--492,0.25
2026-02-24T07:36:10.795Z,CALSPHERE 2,A--500,0.25
2026-02-24T07:36:10.795Z,CALSPHERE 4A,A--529,0.25
2026-02-24T07:36:10.795Z,CALSPHERE 4A,A--534,0.25
2026-02-24T07:36:10.795Z,HST,A--526,0.25
2026-02-24T07:36:10.795Z,SCD 1,A--498,0.25
2026-02-24T07:36:10.795Z,CALSPHERE 2,A--500,0.25
2026-02-24T07:36:10.795Z,CALSPHERE 1,A--515,0.25
2026-02-24T07:36:10.795Z,CALSPHERE 4A,A--514,0.25
2026-02-24T07:36:15.795Z,SCD 1,A--25,0.25
2026-02-24T07:36:15.795Z,SCD 1,A--26,0.25
2026-02-24T07:36:15.795Z,CALSPHERE 1,A--543,0.25
2026-02-24T07:36:15.795Z,SCD 1,A--533,0.25
2026-02-24T07:36:15.795Z,CALSPHERE 1,A--471,0.25
2026-02-24T07:36:15.795Z,SCD 1,A--31,0.25
2026-02-24T07:36:15.795Z,HST,A--34,0.25
2026-02-24T07:36:15.795Z,HST,A--40,0.25
2026-02-24T07:36:15.795Z,HST,A--41,0.25
2026-02-24T07:36:21.795Z,SCD 1,A--25,0.25
2026-02-24T07:36:21.795Z,CALSPHERE 2,A--505,0.25
2026-02-24T07:36:21.795Z,CALSPHERE 4A,A--506,0.25
2026-02-24T07:36:21.795Z,CALSPHERE 2,A--515,0.25
2026-02-24T07:36:21.795Z,HST,A--514,0.25
2026-02-24T07:36:21.795Z,SCD 1,A--516,0.25
2026-02-24T07:36:21.795Z,CALSPHERE 1,A--507,0.25
2026-02-24T07:36:21.795Z,SCD 1,A--26,0.25
2026-02-24T07:36:21.795Z,SCD 1,A--31,0.25
2026-02-24T07:36:21.795Z,HST,A--34,0.25
2026-02-24T07:36:21.795Z,SCD 1,A--508,0.25
2026-02-24T07:36:21.795Z,CALSPHERE 1,A--508,0.25
2026-02-24T07:36:21.795Z,CALSPHERE 2,A--510,0.25
2026-02-24T07:36:21.795Z,HST,A--40,0.25
2026-02-24T07:36:21.795Z,HST,A--41,0.25
2026-02-24T07:36:21.795Z,CALSPHERE 2,A--524,0.25
2026-02-24T07:36:21.795Z,CALSPHERE 1,A--522,0.25
2026-02-24T07:36:21.795Z,SCD 1,A--546,0.25
2026-02-24T07:36:27.795Z,SCD 1,A--25,0.25
2026-02-24T07:36:27.795Z,HST,A--516,0.25
2026-02-24T07:36:27.795Z,HST,A--549,0.25
2026-02-24T07:36:27.795Z,CALSPHERE 2,A--516,0.25
2026-02-24T07:36:27.795Z,SCD 1,A--26,0.25
2026-02-24T07:36:27.795Z,SCD 1,A--31,0.25
2026-02-24T07:36:27.795Z,HST,A--34,0.25
2026-02-24T07:36:27.795Z,CALSPHERE 4A,A--469,0.25
2026-02-24T07:36:27.795Z,CALSPHERE 4A,A--506,0.25
2026-02-24T07:36:27.795Z,CALSPHERE 2,A--564,0.25
2026-02-24T07:36:27.795Z,CALSPHERE 4A,A--558,0.25
2026-02-24T07:36:27.795Z,SCD 1,A--507,0.25
2026-02-24T07:36:27.795Z,CALSPHERE 2,A--507,0.25
2026-02-24T07:36:27.795Z,HST,A--40,0.25
2026-02-24T07:36:27.795Z,CALSPHERE 2,A--505,0.25
2026-02-24T07:36:27.795Z,CALSPHERE 1,A--476,0.25
2026-02-24T07:36:27.795Z,CALSPHERE 4A,A--503,0.25
2026-02-24T07:36:27.795Z,CALSPHERE 1,A--507,0.25
2026-02-24T07:36:27.795Z,CALSPHERE 1,A--516,0.25
2026-02-24T07:36:27.795Z,SCD 1,A--505,0.25
2026-02-24T07:36:27.795Z,CALSPHERE 1,A--501,0.25
2026-02-24T07:36:27.795Z,CALSPHERE 4A,A--473,0.25
2026-02-24T07:36:27.795Z,HST,A--509,0.25
2026-02-24T07:36:27.795Z,HST,A--508,0.25
2026-02-24T07:36:27.795Z,SCD 1,A--509,0.25
2026-02-24T07:36:27.795Z,CALSPHERE 1,A--476,0.25
2026-02-24T07:36:27.795Z,CALSPHERE 4A,A--513,0.25
2026-02-24T07:36:27.795Z,HST,A--513,0.25
2026-02-24T07:36:27.795Z,SCD 1,A--517,0.25
2026-02-24T07:36:27.795Z,SCD 1,A--505,0.25
2026-02-24T07:36:27.795Z,CALSPHERE 4A,A--504,0.25
2026-02-24T07:36:27.795Z,CALSPHERE 2,A--506,0.25
2026-02-24T07:36:27.795Z,HST,A--41,0.25
2026-02-24T07:36:27.795Z,HST,A--552,0.25
2026-02-24T07:36:27.795Z,CALSPHERE 1,A--530,0.25
2026-02-24T07:36:27.795Z,CALSPHERE 1,A--503,0.25
2026-02-24T07:36:33.795Z,SCD 1,A--25,0.25
2026-02-24T07:36:33.795Z,CALSPHERE 4A,A--500,0.25
2026-02-24T07:36:33.795Z,CALSPHERE 1,A--498,0.25
2026-02-24T07:36:33.795Z,CALSPHERE 2,A--498,0.25
2026-02-24T07:36:33.795Z,SCD 1,A--31,0.25
2026-02-24T07:36:33.795Z,HST,A--34,0.25
2026-02-24T07:36:33.795Z,CALSPHERE 2,A--514,0.25
2026-02-24T07:36:33.795Z,CALSPHERE 2,A--483,0.25
2026-02-24T07:36:33.795Z,CALSPHERE 4A,A--491,0.25
2026-02-24T07:36:33.795Z,CALSPHERE 1,A--484,0.25
2026-02-24T07:36:33.795Z,CALSPHERE 2,A--486,0.25
2026-02-24T07:36:33.795Z,HST,A--40,0.25
2026-02-24T07:36:33.795Z,CALSPHERE 1,A--506,0.25
2026-02-24T07:36:33.795Z,CALSPHERE 2,A--509,0.25
2026-02-24T07:36:33.795Z,CALSPHERE 4A,A--508,0.25
2026-02-24T07:36:33.795Z,CALSPHERE 4A,A--507,0.25
2026-02-24T07:36:33.795Z,CALSPHERE 4A,A--541,0.25
2026-02-24T07:36:33.795Z,SCD 1,A--524,0.25
2026-02-24T07:36:33.795Z,CALSPHERE 2,A--533,0.25
2026-02-24T07:36:33.795Z,CALSPHERE 2,A--506,0.25
2026-02-24T07:36:33.795Z,HST,A--41,0.25
2026-02-24T07:36:33.795Z,CALSPHERE 2,A--476,0.25
2026-02-24T07:36:33.795Z,CALSPHERE 4A,A--474,0.25
2026-02-24T07:36:33.795Z,CALSPHERE 4A,A--485,0.25
2026-02-24T07:36:33.795Z,CALSPHERE 2,A--476,0.25
2026-02-24T07:36:33.795Z,CALSPHERE 2,A--491,0.25
2026-02-24T07:36:33.795Z,CALSPHERE 2,A--491,0.25
2026-02-24T07:36:33.795Z,CALSPHERE 4A,A--500,0.25
2026-02-24T07:36:33.795Z,CALSPHERE 1,A--510,0.25
2026-02-24T07:36:33.795Z,SCD 1,A--501,0.25
2026-02-24T07:36:33.795Z,CALSPHERE 4A,A--517,0.25
2026-02-24T07:36:33.795Z,CALSPHERE 2,A--500,0.25
2026-02-24T07:36:38.795Z,SCD 1,A--25,0.25
2026-02-24T07:36:38.795Z,CALSPHERE 4A,A--25,0.25
2026-02-24T07:36:38.795Z,CALSPHERE 4A,A--492,0.25
2026-02-24T07:36:38.795Z,SCD 1,A--31,0.25
2026-02-24T07:36:38.795Z,CALSPHERE 2,A--469,0.25
2026-02-24T07:36:38.795Z,CALSPHERE 4A,A--472,0.25
2026-02-24T07:36:38.795Z,SCD 1,A--531,0.25
2026-02-24T07:36:38.795Z,CALSPHERE 1,A--470,0.25
2026-02-24T07:36:38.795Z,HST,A--34,0.25
2026-02-24T07:36:38.795Z,HST,A--40,0.25
2026-02-24T07:36:38.795Z,CALSPHERE 1,A--514,0.25
2026-02-24T07:36:38.795Z,HST,A--41,0.25
2026-02-24T07:36:44.795Z,SCD 1,A--25,0.25
2026-02-24T07:36:44.795Z,CALSPHERE 2,A--480,0.25
2026-02-24T07:36:44.795Z,CALSPHERE 1,A--478,0.25
2026-02-24T07:36:44.795Z,SCD 1,A--506,0.25
2026-02-24T07:36:44.795Z,CALSPHERE 4A,A--505,0.25
2026-02-24T07:36:44.795Z,CALSPHERE 1,A--481,0.25
2026-02-24T07:36:44.795Z,SCD 1,A--31,0.25
2026-02-24T07:36:44.795Z,HST,A--34,0.25
2026-02-24T07:36:44.795Z,HST,A--40,0.25
2026-02-24T07:36:44.795Z,HST,A--41,0.25
2026-02-24T07:36:44.795Z,CALSPHERE 4A,A--483,0.25
2026-02-24T07:36:44.795Z,CALSPHERE 1,A--495,0.25
2026-02-24T07:36:44.795Z,CALSPHERE 4A,A--512,0.25
2026-02-24T07:36:44.795Z,HST,A--511,0.25
2026-02-24T07:36:44.795Z,CALSPHERE 1,A--515,0.25
2026-02-24T07:36:44.795Z,CALSPHERE 4A,A--516,0.25
2026-02-24T07:36:44.795Z,HST,A--514,0.25
2026-02-24T07:36:44.795Z,CALSPHERE 4A,A--493,0.25
2026-02-24T07:36:49.795Z,SCD 1,A--25,0.25
2026-02-24T07:36:49.795Z,CALSPHERE 1,A--509,0.25
2026-02-24T07:36:49.795Z,SCD 1,A--509,0.25
2026-02-24T07:36:49.795Z,CALSPHERE 2,A--511,0.25
2026-02-24T07:36:49.795Z,SCD 1,A--517,0.25
2026-02-24T07:36:49.795Z,SCD 1,A--31,0.25
2026-02-24T07:36:49.795Z,SCD 1,A--506,0.25
2026-02-24T07:36:49.795Z,CALSPHERE 2,A--503,0.25
2026-02-24T07:36:49.795Z,HST,A--34,0.25
2026-02-24T07:36:49.795Z,CALSPHERE 2,A--548,0.25
2026-02-24T07:36:49.795Z,CALSPHERE 2,A--513,0.25
2026-02-24T07:36:49.795Z,HST,A--40,0.25
2026-02-24T07:36:49.795Z,CALSPHERE 4A,A--532,0.25
2026-02-24T07:36:49.795Z,HST,A--518,0.25
2026-02-24T07:36:49.795Z,CALSPHERE 2,A--483,0.25
2026-02-24T07:36:49.795Z,CALSPHERE 1,A--487,0.25
2026-02-24T07:36:49.795Z,CALSPHERE 1,A--483,0.25
2026-02-24T07:36:49.795Z,CALSPHERE 1,A--475,0.25
2026-02-24T07:36:49.795Z,SCD 1,A--514,0.25
2026-02-24T07:36:49.795Z,CALSPHERE 4A,A--515,0.25
2026-02-24T07:36:49.795Z,HST,A--517,0.25
2026-02-24T07:36:49.795Z,CALSPHERE 1,A--474,0.25
2026-02-24T07:36:49.795Z,CALSPHERE 4A,A--475,0.25
2026-02-24T07:36:49.795Z,CALSPHERE 2,A--482,0.25
2026-02-24T07:36:49.795Z,CALSPHERE 1,A--527,0.25
2026-02-24T07:36:49.795Z,CALSPHERE 2,A--552,0.25
2026-02-24T07:36:49.795Z,HST,A--521,0.25
2026-02-24T07:36:49.795Z,CALSPHERE 4A,A--510,0.25
2026-02-24T07:36:49.795Z,HST,A--41,0.25
2026-02-24T07:36:49.795Z,CALSPHERE 2,A--513,0.25
2026-02-24T07:36:49.795Z,CALSPHERE 2,A--472,0.25
2026-02-24T07:36:49.795Z,SCD 1,A--502,0.25
2026-02-24T07:36:49.795Z,CALSPHERE 4A,A--468,0.25
2026-02-24T07:36:49.795Z,CALSPHERE 2,A--472,0.25
2026-02-24T07:36:49.795Z,CALSPHERE 4A,A--500,0.25
2026-02-24T07:36:49.795Z,CALSPHERE 1,A--499,0.25
2026-02-24T07:36:55.795Z,SCD 1,A--25,0.25
2026-02-24T07:36:55.795Z,SCD 1,A--501,0.25
2026-02-24T07:36:55.795Z,CALSPHERE 1,A--498,0.25
2026-02-24T07:36:55.795Z,SCD 1,A--555,0.25
2026-02-24T07:36:55.795Z,CALSPHERE 2,A--500,0.25
2026-02-24T07:36:55.795Z,CALSPHERE 1,A--470,0.25
2026-02-24T07:36:55.795Z,CALSPHERE 4A,A--481,0.25
2026-02-24T07:36:55.795Z,CALSPHERE 4A,A--567,0.25
2026-02-24T07:36:55.795Z,CALSPHERE 1,A--539,0.25
2026-02-24T07:36:55.795Z,CALSPHERE 4A,A--546,0.25
2026-02-24T07:36:55.795Z,CALSPHERE 1,A--479,0.25
2026-02-24T07:36:55.795Z,CALSPHERE 2,A--483,0.25
2026-02-24T07:36:55.795Z,CALSPHERE 4A,A--486,0.25
2026-02-24T07:36:55.795Z,CALSPHERE 2,A--510,0.25
2026-02-24T07:36:55.795Z,CALSPHERE 1,A--517,0.25
2026-02-24T07:36:55.795Z,SCD 1,A--559,0.25
2026-02-24T07:36:55.795Z,CALSPHERE 2,A--513,0.25
2026-02-24T07:36:55.795Z,SCD 1,A--509,0.25
2026-02-24T07:36:55.795Z,CALSPHERE 1,A--510,0.25
2026-02-24T07:36:55.795Z,CALSPHERE 1,A--468,0.25
2026-02-24T07:36:55.795Z,CALSPHERE 1,A--492,0.25
2026-02-24T07:36:55.795Z,CALSPHERE 4A,A--489,0.25
2026-02-24T07:36:55.795Z,CALSPHERE 1,A--488,0.25
2026-02-24T07:36:55.795Z,SCD 1,A--31,0.25
2026-02-24T07:36:55.795Z,CALSPHERE 2,A--482,0.25
2026-02-24T07:36:55.795Z,HST,A--34,0.25
2026-02-24T07:36:55.795Z,CALSPHERE 2,A--552,0.25
2026-02-24T07:36:55.795Z,HST,A--528,0.25
2026-02-24T07:36:55.795Z,CALSPHERE 2,A--485,0.25
2026-02-24T07:36:55.795Z,CALSPHERE 1,A--503,0.25
2026-02-24T07:36:55.795Z,CALSPHERE 1,A--507,0.25
2026-02-24T07:36:55.795Z,CALSPHERE 4A,A--500,0.25
2026-02-24T07:36:55.795Z,HST,A--508,0.25
2026-02-24T07:36:55.795Z,SCD 1,A--510,0.25
2026-02-24T07:36:55.795Z,CALSPHERE 1,A--551,0.25
2026-02-24T07:36:55.795Z,CALSPHERE 4A,A--500,0.25
2026-02-24T07:36:55.795Z,CALSPHERE 1,A--501,0.25
2026-02-24T07:36:55.795Z,CALSPHERE 1,A--487,0.25
2026-02-24T07:36:55.795Z,CALSPHERE 2,A--509,0.25
2026-02-24T07:36:55.795Z,HST,A--511,0.25
2026-02-24T07:36:55.795Z,CALSPHERE 1,A--509,0.25
2026-02-24T07:36:55.795Z,HST,A--40,0.25
2026-02-24T07:36:55.795Z,CALSPHERE 1,A--514,0.25
2026-02-24T07:36:55.795Z,SCD 1,A--514,0.25
2026-02-24T07:36:55.795Z,CALSPHERE 4A,A--517,0.25
2026-02-24T07:36:55.795Z,HST,A--41,0.25
2026-02-24T07:36:55.795Z,CALSPHERE 2,A--502,0.25
2026-02-24T07:36:55.795Z,SCD 1,A--499,0.25
2026-02-24T07:36:55.795Z,HST,A--514,0.25
2026-02-24T07:36:55.795Z,CALSPHERE 1,A--515,0.25
2026-02-24T07:36:55.795Z,CALSPHERE 4A,A--516,0.25
2026-02-24T07:37:00.795Z,SCD 1,A--25,0.25
2026-02-24T07:37:00.795Z,SCD 1,A--31,0.25
2026-02-24T07:37:00.795Z,CALSPHERE 4A,A--481,0.25
2026-02-24T07:37:00.795Z,CALSPHERE 2,A--491,0.25
2026-02-24T07:37:00.795Z,CALSPHERE 1,A--490,0.25
2026-02-24T07:37:00.795Z,CALSPHERE 4A,A--479,0.25
2026-02-24T07:37:00.795Z,CALSPHERE 4A,A--483,0.25
2026-02-24T07:37:00.795Z,HST,A--526,0.25
2026-02-24T07:37:00.795Z,HST,A--40,0.25
2026-02-24T07:37:00.795Z,SCD 1,A--539,0.25
2026-02-24T07:37:00.795Z,CALSPHERE 1,A--553,0.25
2026-02-24T07:37:00.795Z,CALSPHERE 2,A--489,0.25
2026-02-24T07:37:00.795Z,CALSPHERE 4A,A--488,0.25
2026-02-24T07:37:00.795Z,CALSPHERE 4A,A--489,0.25
2026-02-24T07:37:00.795Z,HST,A--41,0.25
2026-02-24T07:37:00.795Z,HST,A--46,0.25
2026-02-24T07:37:00.795Z,SCD 1,A--505,0.25
2026-02-24T07:37:06.795Z,SCD 1,A--25,0.25
2026-02-24T07:37:06.795Z,CALSPHERE 1,A--488,0.25
2026-02-24T07:37:06.795Z,CALSPHERE 2,A--493,0.25
2026-02-24T07:37:06.795Z,CALSPHERE 2,A--489,0.25
2026-02-24T07:37:06.795Z,CALSPHERE 2,A--491,0.25
2026-02-24T07:37:06.795Z,SCD 1,A--31,0.25
2026-02-24T07:37:06.795Z,CALSPHERE 2,A--482,0.25
2026-02-24T07:37:06.795Z,CALSPHERE 1,A--482,0.25
2026-02-24T07:37:06.795Z,HST,A--40,0.25
2026-02-24T07:37:06.795Z,CALSPHERE 4A,A--510,0.25
2026-02-24T07:37:06.795Z,CALSPHERE 1,A--511,0.25
2026-02-24T07:37:06.795Z,HST,A--41,0.25
2026-02-24T07:37:06.795Z,HST,A--46,0.25
2026-02-24T07:37:11.795Z,SCD 1,A--25,0.25
2026-02-24T07:37:11.795Z,CALSPHERE 4A,A--529,0.25
2026-02-24T07:37:11.795Z,SCD 1,A--31,0.25
2026-02-24T07:37:11.795Z,CALSPHERE 1,A--490,0.25
2026-02-24T07:37:11.795Z,CALSPHERE 4A,A--492,0.25
2026-02-24T07:37:11.795Z,HST,A--40,0.25
2026-02-24T07:37:11.795Z,CALSPHERE 2,A--561,0.25
2026-02-24T07:37:11.795Z,CALSPHERE 4A,A--535,0.25
2026-02-24T07:37:11.795Z,CALSPHERE 2,A--504,0.25
2026-02-24T07:37:11.795Z,SCD 1,A--529,0.25
2026-02-24T07:37:11.795Z,CALSPHERE 1,A--519,0.25
2026-02-24T07:37:11.795Z,CALSPHERE 2,A--542,0.25
2026-02-24T07:37:11.795Z,CALSPHERE 2,A--508,0.25
2026-02-24T07:37:11.795Z,HST,A--510,0.25
2026-02-24T07:37:11.795Z,CALSPHERE 4A,A--512,0.25
2026-02-24T07:37:11.795Z,CALSPHERE 4A,A--503,0.25
2026-02-24T07:37:11.795Z,HST,A--515,0.25
2026-02-24T07:37:11.795Z,SCD 1,A--516,0.25
2026-02-24T07:37:11.795Z,CALSPHERE 2,A--515,0.25
2026-02-24T07:37:11.795Z,CALSPHERE 1,A--499,0.25
2026-02-24T07:37:11.795Z,CALSPHERE 2,A--500,0.25
2026-02-24T07:37:11.795Z,HST,A--41,0.25
2026-02-24T07:37:11.795Z,HST,A--46,0.25
2026-02-24T07:37:11.795Z,HST,A--520,0.25
2026-02-24T07:37:16.795Z,SCD 1,A--25,0.25
2026-02-24T07:37:16.795Z,SCD 1,A--31,0.25
2026-02-24T07:37:16.795Z,SCD 1,A--510,0.25
2026-02-24T07:37:16.795Z,CALSPHERE 2,A--512,0.25
2026-02-24T07:37:16.795Z,HST,A--516,0.25
2026-02-24T07:37:16.795Z,CALSPHERE 1,A--509,0.25
2026-02-24T07:37:16.795Z,CALSPHERE 4A,A--482,0.25
2026-02-24T07:37:16.795Z,CALSPHERE 4A,A--502,0.25
2026-02-24T07:37:16.795Z,CALSPHERE 2,A--480,0.25
2026-02-24T07:37:16.795Z,CALSPHERE 1,A--482,0.25
2026-02-24T07:37:16.795Z,SCD 1,A--503,0.25
2026-02-24T07:37:16.795Z,CALSPHERE 4A,A--505,0.25
2026-02-24T07:37:16.795Z,CALSPHERE 1,A--493,0.25
2026-02-24T07:37:16.795Z,HST,A--40,0.25
2026-02-24T07:37:16.795Z,CALSPHERE 2,A--489,0.25
2026-02-24T07:37:16.795Z,CALSPHERE 4A,A--492,0.25
2026-02-24T07:37:16.795Z,SCD 1,A--510,0.25
2026-02-24T07:37:16.795Z,CALSPHERE 4A,A--509,0.25
2026-02-24T07:37:16.795Z,HST,A--512,0.25
2026-02-24T07:37:16.795Z,HST,A--41,0.25
2026-02-24T07:37:16.795Z,CALSPHERE 2,A--567,0.25
2026-02-24T07:37:16.795Z,CALSPHERE 1,A--539,0.25
2026-02-24T07:37:16.795Z,CALSPHERE 4A,A--536,0.25
2026-02-24T07:37:16.795Z,CALSPHERE 2,A--477,0.25
2026-02-24T07:37:16.795Z,HST,A--46,0.25
2026-02-24T07:37:16.795Z,CALSPHERE 2,A--497,0.25
2026-02-24T07:37:16.795Z,CALSPHERE 4A,A--495,0.25
2026-02-24T07:37:16.795Z,HST,A--560,0.25
2026-02-24T07:37:16.795Z,SCD 1,A--521,0.25
2026-02-24T07:37:16.795Z,CALSPHERE 4A,A--534,0.25
2026-02-24T07:37:16.795Z,CALSPHERE 1,A--476,0.25
2026-02-24T07:37:16.795Z,CALSPHERE 1,A--514,0.25
2026-02-24T07:37:16.795Z,CALSPHERE 4A,A--513,0.25
2026-02-24T07:37:16.795Z,CALSPHERE 2,A--515,0.25
2026-02-24T07:37:16.795Z,CALSPHERE 1,A--538,0.25
2026-02-24T07:37:16.795Z,HST,A--557,0.25
2026-02-24T07:37:16.795Z,CALSPHERE 2,A--529,0.25
2026-02-24T07:37:21.795Z,SCD 1,A--25,0.25
2026-02-24T07:37:21.795Z,SCD 1,A--31,0.25
2026-02-24T07:37:21.795Z,HST,A--40,0.25
2026-02-24T07:37:21.795Z,CALSPHERE 1,A--491,0.25
2026-02-24T07:37:21.795Z,CALSPHERE 1,A--491,0.25
2026-02-24T07:37:21.795Z,HST,A--46,0.25
2026-02-24T07:37:21.795Z,CALSPHERE 1,A--503,0.25
2026-02-24T07:37:21.795Z,SCD 1,A--501,0.25
2026-02-24T07:37:25.795Z,SCD 1,A--25,0.25
2026-02-24T07:37:25.795Z,SCD 1,A--31,0.25
2026-02-24T07:37:25.795Z,SCD 1,A--515,0.25
2026-02-24T07:37:25.795Z,CALSPHERE 1,A--513,0.25
2026-02-24T07:37:25.795Z,HST,A--515,0.25
2026-02-24T07:37:25.795Z,CALSPHERE 4A,A--471,0.25
2026-02-24T07:37:25.795Z,CALSPHERE 1,A--493,0.25
2026-02-24T07:37:25.795Z,SCD 1,A--552,0.25
2026-02-24T07:37:25.795Z,CALSPHERE 4A,A--496,0.25
2026-02-24T07:37:25.795Z,CALSPHERE 2,A--469,0.25
2026-02-24T07:37:25.795Z,CALSPHERE 1,A--497,0.25
2026-02-24T07:37:25.795Z,HST,A--40,0.25
2026-02-24T07:37:25.795Z,CALSPHERE 2,A--497,0.25
2026-02-24T07:37:25.795Z,CALSPHERE 2,A--499,0.25
2026-02-24T07:37:25.795Z,CALSPHERE 1,A--478,0.25
2026-02-24T07:37:25.795Z,CALSPHERE 2,A--482,0.25
2026-02-24T07:37:25.795Z,CALSPHERE 1,A--486,0.25
2026-02-24T07:37:25.795Z,CALSPHERE 2,A--506,0.25
2026-02-24T07:37:25.795Z,CALSPHERE 1,A--505,0.25
2026-02-24T07:37:25.795Z,CALSPHERE 2,A--487,0.25
2026-02-24T07:37:25.795Z,SCD 1,A--498,0.25
2026-02-24T07:37:25.795Z,CALSPHERE 1,A--498,0.25
2026-02-24T07:37:25.795Z,CALSPHERE 2,A--489,0.25
2026-02-24T07:37:25.795Z,HST,A--46,0.25
2026-02-24T07:37:29.795Z,SCD 1,A--25,0.25
2026-02-24T07:37:29.795Z,CALSPHERE 4A,A--564,0.25
2026-02-24T07:37:29.795Z,SCD 1,A--552,0.25
2026-02-24T07:37:29.795Z,CALSPHERE 4A,A--489,0.25
2026-02-24T07:37:29.795Z,CALSPHERE 2,A--517,0.25
2026-02-24T07:37:29.795Z,CALSPHERE 4A,A--502,0.25
2026-02-24T07:37:29.795Z,SCD 1,A--502,0.25
2026-02-24T07:37:29.795Z,CALSPHERE 1,A--498,0.25
2026-02-24T07:37:29.795Z,SCD 1,A--31,0.25
2026-02-24T07:37:29.795Z,SCD 1,A--517,0.25
2026-02-24T07:37:29.795Z,CALSPHERE 4A,A--513,0.25
2026-02-24T07:37:29.795Z,CALSPHERE 2,A--565,0.25
2026-02-24T07:37:29.795Z,HST,A--526,0.25
2026-02-24T07:37:29.795Z,CALSPHERE 1,A--520,0.25
2026-02-24T07:37:29.795Z,HST,A--514,0.25
2026-02-24T07:37:29.795Z,CALSPHERE 4A,A--471,0.25
2026-02-24T07:37:29.795Z,CALSPHERE 4A,A--479,0.25
2026-02-24T07:37:29.795Z,CALSPHERE 2,A--481,0.25
2026-02-24T07:37:29.795Z,SCD 1,A--504,0.25
2026-02-24T07:37:29.795Z,CALSPHERE 4A,A--482,0.25
2026-02-24T07:37:29.795Z,CALSPHERE 2,A--472,0.25
2026-02-24T07:37:29.795Z,CALSPHERE 4A,A--512,0.25
2026-02-24T07:37:29.795Z,CALSPHERE 2,A--500,0.25
2026-02-24T07:37:29.795Z,CALSPHERE 4A,A--515,0.25
2026-02-24T07:37:29.795Z,CALSPHERE 4A,A--502,0.25
2026-02-24T07:37:29.795Z,HST,A--40,0.25
2026-02-24T07:37:29.795Z,CALSPHERE 1,A--515,0.25
2026-02-24T07:37:29.795Z,HST,A--46,0.25
2026-02-24T07:37:32.795Z,SCD 1,A--25,0.25
2026-02-24T07:37:32.795Z,HST,A--510,0.25
2026-02-24T07:37:32.795Z,CALSPHERE 2,A--548,0.25
2026-02-24T07:37:32.795Z,CALSPHERE 1,A--543,0.25
2026-02-24T07:37:32.795Z,HST,A--527,0.25
2026-02-24T07:37:32.795Z,CALSPHERE 2,A--508,0.25
2026-02-24T07:37:32.795Z,SCD 1,A--31,0.25
2026-02-24T07:37:32.795Z,CALSPHERE 2,A--495,0.25
2026-02-24T07:37:32.795Z,HST,A--40,0.25
2026-02-24T07:37:32.795Z,HST,A--46,0.25
2026-02-24T07:37:35.795Z,SCD 1,A--25,0.25
2026-02-24T07:37:35.795Z,SCD 1,A--31,0.25
2026-02-24T07:37:35.795Z,CALSPHERE 4A,A--31,0.25
2026-02-24T07:37:35.795Z,CALSPHERE 2,A--513,0.25
2026-02-24T07:37:35.795Z,SCD 1,A--515,0.25
2026-02-24T07:37:35.795Z,SCD 1,A--514,0.25
2026-02-24T07:37:35.795Z,HST,A--40,0.25
2026-02-24T07:37:35.795Z,HST,A--46,0.25
2026-02-24T07:37:38.795Z,SCD 1,A--25,0.25
2026-02-24T07:37:38.795Z,SCD 1,A--31,0.25
2026-02-24T07:37:38.795Z,SCD 1,A--509,0.25
2026-02-24T07:37:38.795Z,CALSPHERE 1,A--514,0.25
2026-02-24T07:37:38.795Z,HST,A--517,0.25
2026-02-24T07:37:38.795Z,CALSPHERE 1,A--510,0.25
2026-02-24T07:37:38.795Z,HST,A--40,0.25
2026-02-24T07:37:38.795Z,HST,A--46,0.25
2026-02-24T07:37:38.795Z,CALSPHERE 1,A--500,0.25
2026-02-24T07:37:38.795Z,SCD 1,A--558,0.25
2026-02-24T07:37:38.795Z,CALSPHERE 1,A--480,0.25
2026-02-24T07:37:38.795Z,CALSPHERE 4A,A--480,0.25
2026-02-24T07:37:38.795Z,CALSPHERE 4A,A--498,0.25
2026-02-24T07:37:38.795Z,CALSPHERE 2,A--502,0.25
2026-02-24T07:37:38.795Z,SCD 1,A--501,0.25
2026-02-24T07:37:41.795Z,SCD 1,A--25,0.25
2026-02-24T07:37:41.795Z,CALSPHERE 1,A--470,0.25
2026-02-24T07:37:41.795Z,CALSPHERE 2,A--472,0.25
2026-02-24T07:37:41.795Z,CALSPHERE 4A,A--470,0.25
2026-02-24T07:37:41.795Z,CALSPHERE 4A,A--499,0.25
2026-02-24T07:37:41.795Z,CALSPHERE 4A,A--536,0.25
2026-02-24T07:37:41.795Z,CALSPHERE 1,A--536,0.25
2026-02-24T07:37:41.795Z,CALSPHERE 4A,A--561,0.25
2026-02-24T07:37:41.795Z,CALSPHERE 1,A--500,0.25
2026-02-24T07:37:41.795Z,CALSPHERE 2,A--505,0.25
2026-02-24T07:37:41.795Z,CALSPHERE 4A,A--503,0.25
2026-02-24T07:37:41.795Z,SCD 1,A--31,0.25
2026-02-24T07:37:41.795Z,CALSPHERE 4A,A--488,0.25
2026-02-24T07:37:41.795Z,CALSPHERE 2,A--492,0.25
2026-02-24T07:37:41.795Z,HST,A--40,0.25
2026-02-24T07:37:41.795Z,CALSPHERE 1,A--478,0.25
2026-02-24T07:37:41.795Z,CALSPHERE 2,A--479,0.25
2026-02-24T07:37:41.795Z,CALSPHERE 2,A--479,0.25
2026-02-24T07:37:41.795Z,CALSPHERE 1,A--510,0.25
2026-02-24T07:37:41.795Z,CALSPHERE 2,A--508,0.25
2026-02-24T07:37:41.795Z,SCD 1,A--508,0.25
2026-02-24T07:37:41.795Z,HST,A--46,0.25
2026-02-24T07:37:44.795Z,SCD 1,A--31,0.25
2026-02-24T07:37:44.795Z,HST,A--40,0.25
2026-02-24T07:37:44.795Z,HST,A--46,0.25
2026-02-24T07:37:44.795Z,CALSPHERE 4A,A--474,0.25
2026-02-24T07:37:44.795Z,CALSPHERE 2,A--536,0.25
2026-02-24T07:37:44.795Z,HST,A--520,0.25
2026-02-24T07:37:44.795Z,SCD 1,A--538,0.25
2026-02-24T07:37:47.795Z,SCD 1,A--31,0.25
2026-02-24T07:37:47.795Z,CALSPHERE 1,A--495,0.25
2026-02-24T07:37:47.795Z,CALSPHERE 4A,A--497,0.25
2026-02-24T07:37:47.795Z,HST,A--40,0.25
2026-02-24T07:37:47.795Z,HST,A--46,0.25
2026-02-24T07:37:47.795Z,CALSPHERE 4A,A--487,0.25
2026-02-24T07:37:50.795Z,SCD 1,A--31,0.25
2026-02-24T07:37:50.795Z,HST,A--41,0.25
2026-02-24T07:37:50.795Z,CALSPHERE 2,A--515,0.25
2026-02-24T07:37:50.795Z,CALSPHERE 1,A--480,0.25
2026-02-24T07:37:50.795Z,SCD 1,A--565,0.25
2026-02-24T07:37:50.795Z,CALSPHERE 4A,A--529,0.25
2026-02-24T07:37:50.795Z,CALSPHERE 1,A--491,0.25
2026-02-24T07:37:50.795Z,HST,A--46,0.25
2026-02-24T07:37:50.795Z,SCD 1,A--500,0.25
2026-02-24T07:37:50.795Z,HST,A--505,0.25
2026-02-24T07:37:50.795Z,HST,A--506,0.25
2026-02-24T07:37:50.795Z,CALSPHERE 1,A--522,0.25
2026-02-24T07:37:50.795Z,CALSPHERE 2,A--564,0.25
2026-02-24T07:37:50.795Z,HST,A--542,0.25
2026-02-24T07:37:50.795Z,SCD 1,A--503,0.25
2026-02-24T07:37:50.795Z,CALSPHERE 2,A--500,0.25
2026-02-24T07:37:50.795Z,CALSPHERE 4A,A--515,0.25
2026-02-24T07:37:50.795Z,CALSPHERE 4A,A--500,0.25
2026-02-24T07:37:50.795Z,HST,A--509,0.25
2026-02-24T07:37:50.795Z,CALSPHERE 4A,A--510,0.25
2026-02-24T07:37:50.795Z,CALSPHERE 1,A--509,0.25
2026-02-24T07:37:50.795Z,CALSPHERE 4A,A--516,0.25
2026-02-24T07:37:53.795Z,SCD 1,A--31,0.25
2026-02-24T07:37:53.795Z,HST,A--545,0.25
2026-02-24T07:37:53.795Z,CALSPHERE 2,A--541,0.25
2026-02-24T07:37:53.795Z,CALSPHERE 4A,A--490,0.25
2026-02-24T07:37:53.795Z,CALSPHERE 2,A--489,0.25
2026-02-24T07:37:53.795Z,HST,A--509,0.25
2026-02-24T07:37:53.795Z,HST,A--40,0.25
2026-02-24T07:37:53.795Z,HST,A--46,0.25
2026-02-24T07:37:56.795Z,SCD 1,A--31,0.25
2026-02-24T07:37:56.795Z,CALSPHERE 4A,A--535,0.25
2026-02-24T07:37:56.795Z,SCD 1,A--545,0.25
2026-02-24T07:37:56.795Z,CALSPHERE 1,A--533,0.25
2026-02-24T07:37:56.795Z,HST,A--40,0.25
2026-02-24T07:37:56.795Z,CALSPHERE 4A,A--481,0.25
2026-02-24T07:37:56.795Z,CALSPHERE 4A,A--507,0.25
2026-02-24T07:37:56.795Z,CALSPHERE 1,A--505,0.25
2026-02-24T07:37:56.795Z,CALSPHERE 4A,A--484,0.25
2026-02-24T07:37:56.795Z,CALSPHERE 2,A--483,0.25
2026-02-24T07:37:56.795Z,CALSPHERE 2,A--498,0.25
2026-02-24T07:37:56.795Z,HST,A--529,0.25
2026-02-24T07:37:56.795Z,CALSPHERE 1,A--561,0.25
2026-02-24T07:37:56.795Z,SCD 1,A--548,0.25
2026-02-24T07:37:56.795Z,CALSPHERE 2,A--480,0.25
2026-02-24T07:37:56.795Z,HST,A--46,0.25
2026-02-24T07:37:59.795Z,SCD 1,A--31,0.25
2026-02-24T07:37:59.795Z,HST,A--40,0.25
2026-02-24T07:37:59.795Z,SCD 1,A--517,0.25
2026-02-24T07:37:59.795Z,CALSPHERE 2,A--553,0.25
2026-02-24T07:37:59.795Z,CALSPHERE 4A,A--564,0.25
2026-02-24T07:37:59.795Z,HST,A--514,0.25
2026-02-24T07:37:59.795Z,CALSPHERE 1,A--469,0.25
2026-02-24T07:37:59.795Z,CALSPHERE 2,A--503,0.25
2026-02-24T07:37:59.795Z,CALSPHERE 1,A--489,0.25
2026-02-24T07:37:59.795Z,CALSPHERE 1,A--492,0.25
2026-02-24T07:37:59.795Z,CALSPHERE 1,A--478,0.25
2026-02-24T07:37:59.795Z,CALSPHERE 4A,A--481,0.25
2026-02-24T07:37:59.795Z,CALSPHERE 1,A--516,0.25
2026-02-24T07:37:59.795Z,CALSPHERE 2,A--561,0.25
2026-02-24T07:37:59.795Z,CALSPHERE 4A,A--519,0.25
2026-02-24T07:37:59.795Z,CALSPHERE 2,A--513,0.25
2026-02-24T07:37:59.795Z,CALSPHERE 2,A--515,0.25
2026-02-24T07:37:59.795Z,HST,A--46,0.25
2026-02-24T07:38:02.795Z,SCD 1,A--31,0.25
2026-02-24T07:38:02.795Z,CALSPHERE 2,A--490,0.25
2026-02-24T07:38:02.795Z,CALSPHERE 4A,A--490,0.25
2026-02-24T07:38:02.795Z,HST,A--45,0.25
2026-02-24T07:38:02.795Z,HST,A--46,0.25
2026-02-24T07:38:02.795Z,CALSPHERE 4A,A--507,0.25
2026-02-24T07:38:02.795Z,HST,A--553,0.25
2026-02-24T07:38:02.795Z,CALSPHERE 1,A--507,0.25
2026-02-24T07:38:02.795Z,CALSPHERE 2,A--506,0.25
2026-02-24T07:38:02.795Z,CALSPHERE 1,A--496,0.25
2026-02-24T07:38:02.795Z,CALSPHERE 2,A--493,0.25
2026-02-24T07:38:02.795Z,CALSPHERE 4A,A--497,0.25
2026-02-24T07:38:02.795Z,CALSPHERE 4A,A--509,0.25
2026-02-24T07:38:02.795Z,SCD 1,A--508,0.25
2026-02-24T07:38:05.795Z,SCD 1,A--31,0.25
2026-02-24T07:38:05.795Z,CALSPHERE 1,A--483,0.25
2026-02-24T07:38:05.795Z,CALSPHERE 2,A--485,0.25
2026-02-24T07:38:05.795Z,CALSPHERE 2,A--474,0.25
2026-02-24T07:38:05.795Z,SCD 1,A--516,0.25
2026-02-24T07:38:05.795Z,CALSPHERE 4A,A--476,0.25
2026-02-24T07:38:05.795Z,HST,A--40,0.25
2026-02-24T07:38:05.795Z,SCD 1,A--500,0.25
2026-02-24T07:38:05.795Z,CALSPHERE 1,A--500,0.25
2026-02-24T07:38:05.795Z,CALSPHERE 4A,A--501,0.25
2026-02-24T07:38:05.795Z,CALSPHERE 2,A--509,0.25
2026-02-24T07:38:05.795Z,HST,A--517,0.25
2026-02-24T07:38:05.795Z,SCD 1,A--540,0.25
2026-02-24T07:38:05.795Z,CALSPHERE 1,A--527,0.25
2026-02-24T07:38:05.795Z,HST,A--554,0.25
2026-02-24T07:38:05.795Z,CALSPHERE 1,A--510,0.25
2026-02-24T07:38:05.795Z,CALSPHERE 2,A--509,0.25
2026-02-24T07:38:05.795Z,HST,A--507,0.25
2026-02-24T07:38:05.795Z,HST,A--46,0.25
2026-02-24T07:38:05.795Z,CALSPHERE 4A,A--486,0.25
2026-02-24T07:38:05.795Z,SCD 1,A--503,0.25
2026-02-24T07:38:05.795Z,CALSPHERE 1,A--487,0.25
2026-02-24T07:38:05.795Z,CALSPHERE 1,A--498,0.25
2026-02-24T07:38:05.795Z,SCD 1,A--500,0.25
2026-02-24T07:38:05.795Z,CALSPHERE 2,A--501,0.25
2026-02-24T07:38:05.795Z,CALSPHERE 2,A--491,0.25
2026-02-24T07:38:08.795Z,SCD 1,A--31,0.25
2026-02-24T07:38:08.795Z,CALSPHERE 4A,A--555,0.25
2026-02-24T07:38:08.795Z,CALSPHERE 1,A--562,0.25
2026-02-24T07:38:08.795Z,CALSPHERE 2,A--535,0.25
2026-02-24T07:38:08.795Z,CALSPHERE 1,A--517,0.25
2026-02-24T07:38:08.795Z,CALSPHERE 1,A--496,0.25
2026-02-24T07:38:08.795Z,CALSPHERE 2,A--494,0.25
2026-02-24T07:38:08.795Z,CALSPHERE 4A,A--493,0.25
2026-02-24T07:38:08.795Z,HST,A--40,0.25
2026-02-24T07:38:08.795Z,HST,A--46,0.25
2026-02-24T07:38:08.795Z,CALSPHERE 4A,A--471,0.25
2026-02-24T07:38:11.795Z,SCD 1,A--31,0.25
2026-02-24T07:38:11.795Z,HST,A--40,0.25
2026-02-24T07:38:11.795Z,CALSPHERE 1,A--503,0.25
2026-02-24T07:38:11.795Z,SCD 1,A--561,0.25
2026-02-24T07:38:11.795Z,HST,A--46,0.25
2026-02-24T07:38:14.795Z,SCD 1,A--31,0.25
2026-02-24T07:38:14.795Z,CALSPHERE 2,A--499,0.25
2026-02-24T07:38:14.795Z,HST,A--40,0.25
2026-02-24T07:38:14.795Z,HST,A--503,0.25
2026-02-24T07:38:14.795Z,CALSPHERE 2,A--506,0.25
2026-02-24T07:38:14.795Z,HST,A--46,0.25
2026-02-24T07:38:17.795Z,SCD 1,A--31,0.25
2026-02-24T07:38:17.795Z,CALSPHERE 4A,A--480,0.25
2026-02-24T07:38:17.795Z,CALSPHERE 1,A--481,0.25
2026-02-24T07:38:17.795Z,CALSPHERE 2,A--481,0.25
2026-02-24T07:38:17.795Z,HST,A--40,0.25
2026-02-24T07:38:17.795Z,HST,A--46,0.25
2026-02-24T07:38:17.795Z,CALSPHERE 1,A--473,0.25
2026-02-24T07:38:17.795Z,CALSPHERE 2,A--486,0.25
2026-02-24T07:38:17.795Z,CALSPHERE 4A,A--483,0.25
2026-02-24T07:38:17.795Z,CALSPHERE 4A,A--516,0.25
2026-02-24T07:38:17.795Z,SCD 1,A--511,0.25
2026-02-24T07:38:17.795Z,CALSPHERE 4A,A--510,0.25
2026-02-24T07:38:17.795Z,CALSPHERE 1,A--488,0.25
2026-02-24T07:38:20.795Z,SCD 1,A--31,0.25
2026-02-24T07:38:20.795Z,CALSPHERE 4A,A--503,0.25
2026-02-24T07:38:20.795Z,SCD 1,A--503,0.25
2026-02-24T07:38:20.795Z,HST,A--511,0.25
2026-02-24T07:38:20.795Z,HST,A--45,0.25
2026-02-24T07:38:20.795Z,HST,A--46,0.25
2026-02-24T07:38:20.795Z,CALSPHERE 2,A--495,0.25
2026-02-24T07:38:20.795Z,CALSPHERE 4A,A--494,0.25
2026-02-24T07:38:20.795Z,CALSPHERE 2,A--515,0.25
2026-02-24T07:38:20.795Z,CALSPHERE 4A,A--515,0.25
2026-02-24T07:38:20.795Z,SCD 1,A--565,0.25
2026-02-24T07:38:20.795Z,CALSPHERE 1,A--515,0.25
2026-02-24T07:38:23.795Z,SCD 1,A--31,0.25
2026-02-24T07:38:23.795Z,HST,A--40,0.25
2026-02-24T07:38:23.795Z,HST,A--505,0.25
2026-02-24T07:38:23.795Z,CALSPHERE 2,A--507,0.25
2026-02-24T07:38:23.795Z,CALSPHERE 2,A--476,0.25
2026-02-24T07:38:23.795Z,CALSPHERE 4A,A--491,0.25
2026-02-24T07:38:23.795Z,CALSPHERE 2,A--475,0.25
2026-02-24T07:38:23.795Z,CALSPHERE 1,A--493,0.25
2026-02-24T07:38:23.795Z,SCD 1,A--502,0.25
2026-02-24T07:38:23.795Z,CALSPHERE 4A,A--499,0.25
2026-02-24T07:38:23.795Z,CALSPHERE 4A,A--473,0.25
2026-02-24T07:38:23.795Z,HST,A--46,0.25
2026-02-24T07:38:23.795Z,SCD 1,A--515,0.25
2026-02-24T07:38:23.795Z,HST,A--515,0.25
2026-02-24T07:38:23.795Z,HST,A--513,0.25
2026-02-24T07:38:23.795Z,CALSPHERE 1,A--486,0.25
2026-02-24T07:38:23.795Z,CALSPHERE 1,A--483,0.25
2026-02-24T07:38:23.795Z,CALSPHERE 2,A--483,0.25
2026-02-24T07:38:23.795Z,CALSPHERE 4A,A--46,0.25
2026-02-24T07:38:26.795Z,SCD 1,A--31,0.25
2026-02-24T07:38:26.795Z,CALSPHERE 2,A--480,0.25
2026-02-24T07:38:26.795Z,CALSPHERE 1,A--482,0.25
2026-02-24T07:38:26.795Z,CALSPHERE 4A,A--484,0.25
2026-02-24T07:38:26.795Z,CALSPHERE 4A,A--479,0.25
2026-02-24T07:38:26.795Z,HST,A--40,0.25
2026-02-24T07:38:26.795Z,CALSPHERE 1,A--507,0.25
2026-02-24T07:38:26.795Z,CALSPHERE 4A,A--507,0.25
2026-02-24T07:38:26.795Z,HST,A--46,0.25
2026-02-24T07:38:29.795Z,SCD 1,A--31,0.25
2026-02-24T07:38:29.795Z,HST,A--40,0.25
2026-02-24T07:38:29.795Z,HST,A--46,0.25
2026-02-24T07:38:32.795Z,SCD 1,A--31,0.25
2026-02-24T07:38:32.795Z,HST,A--40,0.25
2026-02-24T07:38:32.795Z,HST,A--46,0.25
2026-02-24T07:38:34.795Z,SCD 1,A--31,0.25
2026-02-24T07:38:34.795Z,CALSPHERE 1,A--469,0.25
2026-02-24T07:38:34.795Z,HST,A--40,0.25
2026-02-24T07:38:34.795Z,CALSPHERE 1,A--499,0.25
2026-02-24T07:38:34.795Z,CALSPHERE 1,A--500,0.25
2026-02-24T07:38:34.795Z,SCD 1,A--517,0.25
2026-02-24T07:38:34.795Z,CALSPHERE 2,A--514,0.25
2026-02-24T07:38:34.795Z,CALSPHERE 1,A--513,0.25
2026-02-24T07:38:34.795Z,CALSPHERE 2,A--501,0.25
2026-02-24T07:38:34.795Z,HST,A--46,0.25
2026-02-24T07:38:36.795Z,SCD 1,A--31,0.25
2026-02-24T07:38:36.795Z,CALSPHERE 4A,A--483,0.25
2026-02-24T07:38:36.795Z,CALSPHERE 2,A--484,0.25
2026-02-24T07:38:36.795Z,CALSPHERE 2,A--560,0.25
2026-02-24T07:38:36.795Z,HST,A--553,0.25
2026-02-24T07:38:36.795Z,HST,A--40,0.25
2026-02-24T07:38:36.795Z,HST,A--46,0.25
2026-02-24T07:38:39.795Z,SCD 1,A--31,0.25
2026-02-24T07:38:39.795Z,HST,A--40,0.25
2026-02-24T07:38:39.795Z,HST,A--46,0.25
2026-02-24T07:38:42.795Z,SCD 1,A--31,0.25
2026-02-24T07:38:42.795Z,HST,A--40,0.25
2026-02-24T07:38:42.795Z,SCD 1,A--506,0.25
2026-02-24T07:38:42.795Z,CALSPHERE 1,A--507,0.25
2026-02-24T07:38:42.795Z,HST,A--46,0.25
2026-02-24T07:38:45.795Z,SCD 1,A--31,0.25
2026-02-24T07:38:45.795Z,HST,A--40,0.25
2026-02-24T07:38:45.795Z,CALSPHERE 1,A--518,0.25
2026-02-24T07:38:45.795Z,HST,A--46,0.25
2026-02-24T07:38:45.795Z,CALSPHERE 2,A--482,0.25
2026-02-24T07:38:45.795Z,CALSPHERE 1,A--481,0.25
2026-02-24T07:38:45.795Z,SCD 1,A--511,0.25
2026-02-24T07:38:45.795Z,CALSPHERE 1,A--510,0.25
2026-02-24T07:38:45.795Z,HST,A--508,0.25
2026-02-24T07:38:45.795Z,CALSPHERE 4A,A--482,0.25
2026-02-24T07:38:45.795Z,CALSPHERE 4A,A--514,0.25
2026-02-24T07:38:45.795Z,CALSPHERE 4A,A--513,0.25
2026-02-24T07:38:45.795Z,CALSPHERE 1,A--515,0.25
2026-02-24T07:38:45.795Z,CALSPHERE 4A,A--533,0.25
2026-02-24T07:38:45.795Z,CALSPHERE 4A,A--532,0.25
2026-02-24T07:38:45.795Z,SCD 1,A--539,0.25
2026-02-24T07:38:48.795Z,SCD 1,A--31,0.25
2026-02-24T07:38:48.795Z,HST,A--40,0.25
2026-02-24T07:38:48.795Z,HST,A--46,0.25
2026-02-24T07:38:48.795Z,CALSPHERE 1,A--475,0.25
2026-02-24T07:38:48.795Z,CALSPHERE 4A,A--474,0.25
2026-02-24T07:38:48.795Z,CALSPHERE 1,A--475,0.25
2026-02-24T07:38:51.795Z,SCD 1,A--31,0.25
2026-02-24T07:38:51.795Z,HST,A--40,0.25
2026-02-24T07:38:51.795Z,HST,A--46,0.25
2026-02-24T07:38:51.795Z,CALSPHERE 1,A--490,0.25
2026-02-24T07:38:51.795Z,CALSPHERE 2,A--511,0.25
2026-02-24T07:38:51.795Z,CALSPHERE 4A,A--509,0.25
2026-02-24T07:38:51.795Z,HST,A--512,0.25
2026-02-24T07:38:51.795Z,SCD 1,A--515,0.25
2026-02-24T07:38:51.795Z,HST,A--516,0.25
2026-02-24T07:38:51.795Z,CALSPHERE 2,A--491,0.25
2026-02-24T07:38:54.795Z,SCD 1,A--31,0.25
2026-02-24T07:38:54.795Z,SCD 1,A--500,0.25
2026-02-24T07:38:54.795Z,HST,A--504,0.25
2026-02-24T07:38:54.795Z,HST,A--562,0.25
2026-02-24T07:38:54.795Z,CALSPHERE 2,A--522,0.25
2026-02-24T07:38:54.795Z,CALSPHERE 1,A--545,0.25
2026-02-24T07:38:54.795Z,CALSPHERE 2,A--504,0.25
2026-02-24T07:38:54.795Z,CALSPHERE 4A,A--502,0.25
2026-02-24T07:38:54.795Z,CALSPHERE 4A,A--502,0.25
2026-02-24T07:38:54.795Z,CALSPHERE 4A,A--478,0.25
2026-02-24T07:38:54.795Z,CALSPHERE 1,A--482,0.25
2026-02-24T07:38:54.795Z,CALSPHERE 2,A--479,0.25
2026-02-24T07:38:54.795Z,CALSPHERE 2,A--502,0.25
2026-02-24T07:38:54.795Z,CALSPHERE 1,A--499,0.25
2026-02-24T07:38:54.795Z,CALSPHERE 1,A--483,0.25
2026-02-24T07:38:54.795Z,HST,A--40,0.25
2026-02-24T07:38:54.795Z,HST,A--46,0.25
2026-02-24T07:38:54.795Z,SCD 1,A--505,0.25
2026-02-24T07:38:57.795Z,SCD 1,A--31,0.25
2026-02-24T07:38:57.795Z,SCD 1,A--511,0.25
2026-02-24T07:38:57.795Z,CALSPHERE 4A,A--512,0.25
2026-02-24T07:38:57.795Z,CALSPHERE 2,A--468,0.25
2026-02-24T07:38:57.795Z,CALSPHERE 4A,A--480,0.25
2026-02-24T07:38:57.795Z,CALSPHERE 2,A--509,0.25
2026-02-24T07:38:57.795Z,CALSPHERE 1,A--508,0.25
2026-02-24T07:38:57.795Z,CALSPHERE 1,A--510,0.25
2026-02-24T07:38:57.795Z,CALSPHERE 2,A--493,0.25
2026-02-24T07:38:57.795Z,SCD 1,A--537,0.25
2026-02-24T07:38:57.795Z,CALSPHERE 4A,A--496,0.25
2026-02-24T07:38:57.795Z,CALSPHERE 2,A--514,0.25
2026-02-24T07:38:57.795Z,CALSPHERE 1,A--482,0.25
2026-02-24T07:38:57.795Z,CALSPHERE 2,A--481,0.25
2026-02-24T07:38:57.795Z,CALSPHERE 2,A--472,0.25
2026-02-24T07:38:57.795Z,CALSPHERE 1,A--496,0.25
2026-02-24T07:38:57.795Z,CALSPHERE 1,A--470,0.25
2026-02-24T07:38:57.795Z,CALSPHERE 1,A--515,0.25
2026-02-24T07:38:57.795Z,CALSPHERE 1,A--484,0.25
2026-02-24T07:38:57.795Z,HST,A--40,0.25
2026-02-24T07:38:57.795Z,HST,A--549,0.25
2026-02-24T07:38:57.795Z,CALSPHERE 2,A--539,0.25
2026-02-24T07:38:57.795Z,HST,A--46,0.25
2026-02-24T07:38:57.795Z,SCD 1,A--510,0.25
2026-02-24T07:38:57.795Z,CALSPHERE 4A,A--512,0.25
2026-02-24T07:38:57.795Z,CALSPHERE 4A,A--489,0.25
2026-02-24T07:38:57.795Z,CALSPHERE 2,A--517,0.25
2026-02-24T07:38:57.795Z,CALSPHERE 4A,A--490,0.25
2026-02-24T07:38:57.795Z,CALSPHERE 1,A--490,0.25
2026-02-24T07:39:00.795Z,SCD 1,A--31,0.25
2026-02-24T07:39:00.795Z,CALSPHERE 2,A--484,0.25
2026-02-24T07:39:00.795Z,CALSPHERE 4A,A--506,0.25
2026-02-24T07:39:00.795Z,HST,A--504,0.25
2026-02-24T07:39:00.795Z,CALSPHERE 4A,A--484,0.25
2026-02-24T07:39:00.795Z,HST,A--508,0.25
2026-02-24T07:39:00.795Z,CALSPHERE 2,A--508,0.25
2026-02-24T07:39:00.795Z,CALSPHERE 4A,A--510,0.25
2026-02-24T07:39:00.795Z,CALSPHERE 1,A--485,0.25
2026-02-24T07:39:00.795Z,HST,A--515,0.25
2026-02-24T07:39:00.795Z,HST,A--40,0.25
2026-02-24T07:39:00.795Z,CALSPHERE 2,A--488,0.25
2026-02-24T07:39:00.795Z,CALSPHERE 2,A--490,0.25
2026-02-24T07:39:00.795Z,CALSPHERE 1,A--512,0.25
2026-02-24T07:39:00.795Z,CALSPHERE 1,A--492,0.25
2026-02-24T07:39:00.795Z,CALSPHERE 2,A--496,0.25
2026-02-24T07:39:00.795Z,CALSPHERE 4A,A--497,0.25
2026-02-24T07:39:00.795Z,HST,A--46,0.25
2026-02-24T07:39:03.795Z,SCD 1,A--31,0.25
2026-02-24T07:39:03.795Z,HST,A--40,0.25
2026-02-24T07:39:03.795Z,HST,A--46,0.25
2026-02-24T07:39:03.795Z,SCD 1,A--505,0.25
2026-02-24T07:39:03.795Z,CALSPHERE 2,A--504,0.25
2026-02-24T07:39:03.795Z,CALSPHERE 1,A--505,0.25
2026-02-24T07:39:06.795Z,SCD 1,A--31,0.25
2026-02-24T07:39:06.795Z,HST,A--40,0.25
2026-02-24T07:39:06.795Z,CALSPHERE 2,A--511,0.25
2026-02-24T07:39:06.795Z,HST,A--510,0.25
2026-02-24T07:39:06.795Z,SCD 1,A--511,0.25
2026-02-24T07:39:06.795Z,HST,A--46,0.25
2026-02-24T07:39:09.795Z,SCD 1,A--31,0.25
2026-02-24T07:39:09.795Z,CALSPHERE 4A,A--488,0.25
2026-02-24T07:39:09.795Z,CALSPHERE 1,A--545,0.25
2026-02-24T07:39:09.795Z,CALSPHERE 4A,A--541,0.25
2026-02-24T07:39:09.795Z,HST,A--552,0.25
2026-02-24T07:39:09.795Z,CALSPHERE 4A,A--472,0.25
2026-02-24T07:39:09.795Z,CALSPHERE 4A,A--517,0.25
2026-02-24T07:39:09.795Z,SCD 1,A--516,0.25
2026-02-24T07:39:09.795Z,CALSPHERE 1,A--495,0.25
2026-02-24T07:39:09.795Z,CALSPHERE 4A,A--493,0.25
2026-02-24T07:39:09.795Z,CALSPHERE 1,A--508,0.25
2026-02-24T07:39:09.795Z,CALSPHERE 2,A--496,0.25
2026-02-24T07:39:09.795Z,SCD 1,A--501,0.25
2026-02-24T07:39:09.795Z,CALSPHERE 4A,A--553,0.25
2026-02-24T07:39:09.795Z,CALSPHERE 1,A--565,0.25
2026-02-24T07:39:09.795Z,CALSPHERE 2,A--549,0.25
2026-02-24T07:39:09.795Z,CALSPHERE 2,A--476,0.25
2026-02-24T07:39:09.795Z,SCD 1,A--534,0.25
2026-02-24T07:39:09.795Z,CALSPHERE 1,A--527,0.25
2026-02-24T07:39:09.795Z,CALSPHERE 2,A--548,0.25
2026-02-24T07:39:09.795Z,CALSPHERE 1,A--469,0.25
2026-02-24T07:39:09.795Z,CALSPHERE 2,A--469,0.25
2026-02-24T07:39:09.795Z,CALSPHERE 4A,A--486,0.25
2026-02-24T07:39:09.795Z,CALSPHERE 2,A--485,0.25
2026-02-24T07:39:09.795Z,CALSPHERE 4A,A--485,0.25
2026-02-24T07:39:09.795Z,HST,A--40,0.25
2026-02-24T07:39:09.795Z,CALSPHERE 2,A--480,0.25
2026-02-24T07:39:09.795Z,CALSPHERE 1,A--493,0.25
2026-02-24T07:39:09.795Z,CALSPHERE 1,A--496,0.25
2026-02-24T07:39:09.795Z,CALSPHERE 4A,A--506,0.25
2026-02-24T07:39:09.795Z,CALSPHERE 2,A--505,0.25
2026-02-24T07:39:09.795Z,CALSPHERE 4A,A--513,0.25
2026-02-24T07:39:09.795Z,CALSPHERE 2,A--497,0.25
2026-02-24T07:39:09.795Z,SCD 1,A--517,0.25
2026-02-24T07:39:09.795Z,CALSPHERE 1,A--517,0.25
2026-02-24T07:39:09.795Z,CALSPHERE 1,A--482,0.25
2026-02-24T07:39:09.795Z,CALSPHERE 4A,A--490,0.25
2026-02-24T07:39:09.795Z,CALSPHERE 4A,A--493,0.25
2026-02-24T07:39:09.795Z,CALSPHERE 4A,A--479,0.25
2026-02-24T07:39:09.795Z,HST,A--46,0.25
2026-02-24T07:39:09.795Z,CALSPHERE 4A,A--533,0.25
2026-02-24T07:39:09.795Z,SCD 1,A--552,0.25
2026-02-24T07:39:09.795Z,HST,A--562,0.25
2026-02-24T07:39:12.795Z,SCD 1,A--31,0.25
2026-02-24T07:39:12.795Z,HST,A--40,0.25
2026-02-24T07:39:12.795Z,HST,A--46,0.25
2026-02-24T07:39:15.795Z,SCD 1,A--31,0.25
2026-02-24T07:39:15.795Z,CALSPHERE 4A,A--502,0.25
2026-02-24T07:39:15.795Z,CALSPHERE 1,A--524,0.25
2026-02-24T07:39:15.795Z,CALSPHERE 2,A--518,0.25
2026-02-24T07:39:15.795Z,HST,A--542,0.25
2026-02-24T07:39:15.795Z,SCD 1,A--500,0.25
2026-02-24T07:39:15.795Z,HST,A--46,0.25
2026-02-24T07:39:17.795Z,SCD 1,A--31,0.25
2026-02-24T07:39:17.795Z,CALSPHERE 4A,A--470,0.25
2026-02-24T07:39:17.795Z,CALSPHERE 4A,A--524,0.25
2026-02-24T07:39:17.795Z,SCD 1,A--520,0.25
2026-02-24T07:39:17.795Z,SCD 1,A--528,0.25
2026-02-24T07:39:17.795Z,CALSPHERE 1,A--499,0.25
2026-02-24T07:39:17.795Z,HST,A--510,0.25
2026-02-24T07:39:17.795Z,CALSPHERE 2,A--501,0.25
2026-02-24T07:39:17.795Z,CALSPHERE 4A,A--540,0.25
2026-02-24T07:39:17.795Z,CALSPHERE 1,A--521,0.25
2026-02-24T07:39:17.795Z,CALSPHERE 2,A--564,0.25
2026-02-24T07:39:17.795Z,CALSPHERE 4A,A--469,0.25
2026-02-24T07:39:17.795Z,HST,A--46,0.25
2026-02-24T07:39:17.795Z,CALSPHERE 2,A--488,0.25
2026-02-24T07:39:17.795Z,CALSPHERE 1,A--491,0.25
2026-02-24T07:39:17.795Z,CALSPHERE 4A,A--489,0.25
2026-02-24T07:39:19.795Z,SCD 1,A--31,0.25
2026-02-24T07:39:19.795Z,CALSPHERE 4A,A--497,0.25
2026-02-24T07:39:19.795Z,CALSPHERE 1,A--494,0.25
2026-02-24T07:39:19.795Z,SCD 1,A--501,0.25
2026-02-24T07:39:19.795Z,CALSPHERE 2,A--512,0.25
2026-02-24T07:39:19.795Z,HST,A--561,0.25
2026-02-24T07:39:19.795Z,CALSPHERE 2,A--537,0.25
2026-02-24T07:39:19.795Z,CALSPHERE 4A,A--501,0.25
2026-02-24T07:39:19.795Z,CALSPHERE 2,A--515,0.25
2026-02-24T07:39:19.795Z,HST,A--514,0.25
2026-02-24T07:39:19.795Z,HST,A--4,0.25
2026-02-24T07:39:21.795Z,SCD 1,A--31,0.25
2026-02-24T07:39:21.795Z,CALSPHERE 2,A--496,0.25
2026-02-24T07:39:21.795Z,CALSPHERE 4A,A--537,0.25
2026-02-24T07:39:21.795Z,SCD 1,A--561,0.25
2026-02-24T07:39:21.795Z,CALSPHERE 1,A--567,0.25
2026-02-24T07:39:21.795Z,CALSPHERE 1,A--495,0.25
2026-02-24T07:39:21.795Z,HST,A--100,0.25
2026-02-24T07:39:21.795Z,CALSPHERE 2,A--501,0.25
2026-02-24T07:39:21.795Z,CALSPHERE 1,A--502,0.25
2026-02-24T07:39:23.795Z,SCD 1,A--31,0.25
2026-02-24T07:39:23.795Z,HST,A--46,0.25
2026-02-24T07:39:25.795Z,SCD 1,A--31,0.25
2026-02-24T07:39:25.795Z,HST,A--45,0.25
2026-02-24T07:39:27.795Z,SCD 1,A--31,0.25
2026-02-24T07:39:27.795Z,CALSPHERE 2,A--469,0.25
2026-02-24T07:39:27.795Z,HST,A--563,0.25
2026-02-24T07:39:27.795Z,CALSPHERE 1,A--529,0.25
2026-02-24T07:39:27.795Z,SCD 1,A--561,0.25
2026-02-24T07:39:27.795Z,SCD 1,A--508,0.25
2026-02-24T07:39:27.795Z,CALSPHERE 4A,A--508,0.25
2026-02-24T07:39:27.795Z,CALSPHERE 2,A--511,0.25
2026-02-24T07:39:27.795Z,HST,A--503,0.25
2026-02-24T07:39:27.795Z,CALSPHERE 2,A--564,0.25
2026-02-24T07:39:27.795Z,CALSPHERE 1,A--507,0.25
2026-02-24T07:39:27.795Z,CALSPHERE 1,A--470,0.25
2026-02-24T07:39:27.795Z,CALSPHERE 2,A--486,0.25
2026-02-24T07:39:27.795Z,CALSPHERE 1,A--487,0.25
2026-02-24T07:39:27.795Z,CALSPHERE 1,A--491,0.25
2026-02-24T07:39:27.795Z,CALSPHERE 2,A--491,0.25
2026-02-24T07:39:27.795Z,CALSPHERE 1,A--486,0.25
2026-02-24T07:39:27.795Z,SCD 1,A--512,0.25
2026-02-24T07:39:27.795Z,CALSPHERE 1,A--509,0.25
2026-02-24T07:39:27.795Z,SCD 1,A--517,0.25
2026-02-24T07:39:27.795Z,CALSPHERE 4A,A--513,0.25
2026-02-24T07:39:27.795Z,SCD 1,A--499,0.25
2026-02-24T07:39:27.795Z,CALSPHERE 1,A--498,0.25
2026-02-24T07:39:27.795Z,SCD 1,A--505,0.25
2026-02-24T07:39:27.795Z,CALSPHERE 4A,A--555,0.25
2026-02-24T07:39:27.795Z,HST,A--551,0.25
2026-02-24T07:39:27.795Z,CALSPHERE 4A,A--505,0.25
2026-02-24T07:39:27.795Z,HST,A--513,0.25
2026-02-24T07:39:27.795Z,CALSPHERE 1,A--517,0.25
2026-02-24T07:39:27.795Z,SCD 1,A--504,0.25
2026-02-24T07:39:27.795Z,CALSPHERE 2,A--500,0.25
2026-02-24T07:39:27.795Z,HST,A--44,0.25
2026-02-24T07:39:29.795Z,SCD 1,A--31,0.25
2026-02-24T07:39:29.795Z,HST,A--46,0.25
2026-02-24T07:39:29.795Z,CALSPHERE 1,A--566,0.25
2026-02-24T07:39:29.795Z,HST,A--552,0.25
2026-02-24T07:39:29.795Z,CALSPHERE 4A,A--567,0.25
2026-02-24T07:39:29.795Z,CALSPHERE 1,A--506,0.25
2026-02-24T07:39:29.795Z,CALSPHERE 2,A--488,0.25
2026-02-24T07:39:29.795Z,CALSPHERE 2,A--477,0.25
2026-02-24T07:39:29.795Z,CALSPHERE 4A,A--475,0.25
2026-02-24T07:39:29.795Z,CALSPHERE 1,A--474,0.25
2026-02-24T07:39:31.795Z,SCD 1,A--31,0.25
2026-02-24T07:39:31.795Z,HST,A--46,0.25
2026-02-24T07:39:31.795Z,CALSPHERE 2,A--516,0.25
2026-02-24T07:39:31.795Z,CALSPHERE 2,A--472,0.25
2026-02-24T07:39:31.795Z,CALSPHERE 4A,A--469,0.25
2026-02-24T07:39:33.795Z,SCD 1,A--31,0.25
2026-02-24T07:39:33.795Z,CALSPHERE 4A,A--498,0.25
2026-02-24T07:39:33.795Z,CALSPHERE 2,A--506,0.25
2026-02-24T07:39:33.795Z,CALSPHERE 4A,A--490,0.25
2026-02-24T07:39:33.795Z,CALSPHERE 1,A--488,0.25
2026-02-24T07:39:33.795Z,CALSPHERE 4A,A--489,0.25
2026-02-24T07:39:33.795Z,CALSPHERE 1,A--469,0.25
2026-02-24T07:39:33.795Z,CALSPHERE 4A,A--494,0.25
2026-02-24T07:39:33.795Z,CALSPHERE 2,A--497,0.25
2026-02-24T07:39:33.795Z,HST,A--46,0.25
2026-02-24T07:39:33.795Z,CALSPHERE 4A,A--508,0.25
2026-02-24T07:39:33.795Z,HST,A--509,0.25
2026-02-24T07:39:35.795Z,SCD 1,A--31,0.25
2026-02-24T07:39:35.795Z,CALSPHERE 1,A--492,0.25
2026-02-24T07:39:35.795Z,CALSPHERE 2,A--492,0.25
2026-02-24T07:39:35.795Z,HST,A--46,0.25
2026-02-24T07:39:35.795Z,CALSPHERE 2,A--484,0.25
2026-02-24T07:39:37.795Z,SCD 1,A--31,0.25
2026-02-24T07:39:37.795Z,CALSPHERE 2,A--517,0.25
2026-02-24T07:39:37.795Z,HST,A--514,0.25
2026-02-24T07:39:37.795Z,HST,A--46,0.25
2026-02-24T07:39:37.795Z,CALSPHERE 4A,A--507,0.25
2026-02-24T07:39:37.795Z,CALSPHERE 2,A--541,0.25
2026-02-24T07:39:37.795Z,SCD 1,A--533,0.25
2026-02-24T07:39:39.795Z,SCD 1,A--31,0.25
2026-02-24T07:39:39.795Z,HST,A--46,0.25
2026-02-24T07:39:39.795Z,CALSPHERE 1,A--536,0.25
2026-02-24T07:39:39.795Z,CALSPHERE 4A,A--549,0.25
2026-02-24T07:39:39.795Z,CALSPHERE 2,A--523,0.25
2026-02-24T07:39:39.795Z,HST,A--507,0.25
2026-02-24T07:39:39.795Z,CALSPHERE 2,A--503,0.25
2026-02-24T07:39:39.795Z,SCD 1,A--504,0.25
2026-02-24T07:39:41.795Z,SCD 1,A--31,0.25
2026-02-24T07:39:41.795Z,SCD 1,A--560,0.25
2026-02-24T07:39:41.795Z,CALSPHERE 4A,A--509,0.25
2026-02-24T07:39:41.795Z,HST,A--46,0.25
2026-02-24T07:39:41.795Z,HST,A--503,0.25
2026-02-24T07:39:41.795Z,CALSPHERE 1,A--506,0.25
2026-02-24T07:39:43.795Z,SCD 1,A--31,0.25
2026-02-24T07:39:43.795Z,HST,A--46,0.25
2026-02-24T07:39:45.795Z,SCD 1,A--31,0.25
2026-02-24T07:39:45.795Z,HST,A--512,0.25
2026-02-24T07:39:45.795Z,SCD 1,A--511,0.25
2026-02-24T07:39:45.795Z,CALSPHERE 4A,A--472,0.25
2026-02-24T07:39:45.795Z,HST,A--563,0.25
2026-02-24T07:39:45.795Z,HST,A--541,0.25
2026-02-24T07:39:45.795Z,CALSPHERE 1,A--470,0.25
2026-02-24T07:39:45.795Z,CALSPHERE 2,A--471,0.25
2026-02-24T07:39:45.795Z,CALSPHERE 4A,A--515,0.25
2026-02-24T07:39:45.795Z,SCD 1,A--514,0.25
2026-02-24T07:39:45.795Z,CALSPHERE 1,A--513,0.25
2026-02-24T07:39:45.795Z,HST,A--46,0.25
2026-02-24T07:39:45.795Z,CALSPHERE 2,A--479,0.25
2026-02-24T07:39:45.795Z,CALSPHERE 1,A--498,0.25
2026-02-24T07:39:45.795Z,CALSPHERE 4A,A--479,0.25
2026-02-24T07:39:45.795Z,CALSPHERE 1,A--510,0.25
2026-02-24T07:39:45.795Z,CALSPHERE 1,A--535,0.25
2026-02-24T07:39:45.795Z,CALSPHERE 2,A--520,0.25
2026-02-24T07:39:45.795Z,SCD 1,A--535,0.25
2026-02-24T07:39:45.795Z,CALSPHERE 2,A--512,0.25
2026-02-24T07:39:45.795Z,SCD 1,A--511,0.25
2026-02-24T07:39:47.795Z,SCD 1,A--31,0.25
2026-02-24T07:39:47.795Z,HST,A--46,0.25
2026-02-24T07:39:47.795Z,SCD 1,A--517,0.25
2026-02-24T07:39:47.795Z,CALSPHERE 4A,A--513,0.25
2026-02-24T07:39:47.795Z,HST,A--517,0.25
2026-02-24T07:39:49.795Z,SCD 1,A--31,0.25
2026-02-24T07:39:49.795Z,CALSPHERE 1,A--511,0.25
2026-02-24T07:39:49.795Z,CALSPHERE 2,A--494,0.25
2026-02-24T07:39:49.795Z,HST,A--46,0.25
2026-02-24T07:39:49.795Z,HST,A--511,0.25
2026-02-24T07:39:49.795Z,CALSPHERE 4A,A--509,0.25
2026-02-24T07:39:49.795Z,CALSPHERE 1,A--495,0.25
2026-02-24T07:39:49.795Z,CALSPHERE 4A,A--495,0.25
2026-02-24T07:39:49.795Z,CALSPHERE 4A,A--477,0.25
2026-02-24T07:39:49.795Z,CALSPHERE 2,A--477,0.25
2026-02-24T07:39:49.795Z,CALSPHERE 1,A--473,0.25
2026-02-24T07:39:49.795Z,CALSPHERE 4A,A--505,0.25
2026-02-24T07:39:51.795Z,SCD 1,A--31,0.25
2026-02-24T07:39:51.795Z,HST,A--467,0.25
2026-02-24T07:39:51.795Z,CALSPHERE 2,A--511,0.25
2026-02-24T07:39:51.795Z,SCD 1,A--511,0.25
2026-02-24T07:39:51.795Z,CALSPHERE 1,A--513,0.25
2026-02-24T07:39:51.795Z,CALSPHERE 1,A--511,0.25
2026-02-24T07:39:53.795Z,SCD 1,A--31,0.25
2026-02-24T07:39:53.795Z,SCD 1,A--501,0.25
2026-02-24T07:39:53.795Z,CALSPHERE 4A,A--543,0.25
2026-02-24T07:39:53.795Z,CALSPHERE 1,A--549,0.25
2026-02-24T07:39:53.795Z,CALSPHERE 1,A--505,0.25
2026-02-24T07:39:53.795Z,CALSPHERE 1,A--469,0.25
2026-02-24T07:39:53.795Z,CALSPHERE 2,A--472,0.25
2026-02-24T07:39:53.795Z,SCD 1,A--527,0.25
2026-02-24T07:39:53.795Z,CALSPHERE 2,A--541,0.25
2026-02-24T07:39:53.795Z,HST,A--67,0.25
2026-02-24T07:39:53.795Z,CALSPHERE 4A,A--500,0.25
2026-02-24T07:39:53.795Z,CALSPHERE 2,A--499,0.25
2026-02-24T07:39:55.795Z,SCD 1,A--31,0.25
2026-02-24T07:39:55.795Z,HST,A--46,0.25
2026-02-24T07:39:55.795Z,CALSPHERE 4A,A--508,0.25
2026-02-24T07:39:55.795Z,CALSPHERE 2,A--508,0.25
2026-02-24T07:39:55.795Z,HST,A--508,0.25
2026-02-24T07:39:55.795Z,HST,A--567,0.25
2026-02-24T07:32:37.795Z,SCD 1,G-2,1.0
2026-02-24T07:32:37.795Z,CALSPHERE 1,G-11,1.0
2026-02-24T07:32:37.795Z,CALSPHERE 1,G-12,1.0
2026-02-24T07:32:37.795Z,HST,G-10,1.0
2026-02-24T07:32:38.795Z,SCD 1,G-2,1.0
2026-02-24T07:32:38.795Z,HST,G-10,1.0
2026-02-24T07:32:39.795Z,SCD 1,G-2,1.0
2026-02-24T07:32:39.795Z,HST,G-10,1.0
2026-02-24T07:32:39.795Z,CALSPHERE 2,G-10,1.0
2026-02-24T07:32:39.795Z,CALSPHERE 2,G-17,1.0
2026-02-24T07:32:40.795Z,SCD 1,G-2,1.0
2026-02-24T07:32:40.795Z,HST,G-10,1.0
2026-02-24T07:32:40.795Z,CALSPHERE 2,G-2,1.0
2026-02-24T07:32:41.795Z,SCD 1,G-2,1.0
2026-02-24T07:32:41.795Z,CALSPHERE 4A,G-12,1.0
2026-02-24T07:32:41.795Z,CALSPHERE 1,G-15,1.0
2026-02-24T07:32:41.795Z,CALSPHERE 4A,G-14,1.0
2026-02-24T07:32:41.795Z,HST,G-10,1.0
2026-02-24T07:32:42.795Z,SCD 1,G-2,1.0
2026-02-24T07:32:42.795Z,HST,G-10,1.0
2026-02-24T07:32:42.795Z,CALSPHERE 2,G-2,1.0
2026-02-24T07:32:42.795Z,CALSPHERE 1,G-12,1.0
2026-02-24T07:32:42.795Z,CALSPHERE 2,G-18,1.0
2026-02-24T07:32:42.795Z,CALSPHERE 1,G-11,1.0
2026-02-24T07:32:42.795Z,CALSPHERE 4A,G-12,1.0
2026-02-24T07:32:42.795Z,CALSPHERE 1,G-14,1.0
2026-02-24T07:32:42.795Z,CALSPHERE 1,G-13,1.0
2026-02-24T07:32:43.795Z,SCD 1,G-2,1.0
2026-02-24T07:32:43.795Z,HST,G-10,1.0
2026-02-24T07:32:43.795Z,CALSPHERE 1,G-12,1.0
2026-02-24T07:32:43.795Z,CALSPHERE 4A,G-15,1.0
2026-02-24T07:32:43.795Z,CALSPHERE 4A,G-14,1.0
2026-02-24T07:32:43.795Z,CALSPHERE 4A,G-12,1.0
2026-02-24T07:32:43.795Z,CALSPHERE 2,G-13,1.0
2026-02-24T07:32:43.795Z,CALSPHERE 1,G-13,1.0
2026-02-24T07:32:43.795Z,CALSPHERE 4A,G-11,1.0
2026-02-24T07:32:44.795Z,SCD 1,G-2,1.0
2026-02-24T07:32:44.795Z,HST,G-10,1.0
2026-02-24T07:32:44.795Z,CALSPHERE 2,G-2,1.0
2026-02-24T07:32:44.795Z,CALSPHERE 1,G-18,1.0
2026-02-24T07:32:44.795Z,CALSPHERE 4A,G-17,1.0
2026-02-24T07:32:45.795Z,SCD 1,G-2,1.0
2026-02-24T07:32:45.795Z,HST,G-10,1.0
2026-02-24T07:32:46.795Z,SCD 1,G-2,1.0
2026-02-24T07:32:46.795Z,HST,G-10,1.0
2026-02-24T07:32:46.795Z,CALSPHERE 2,G-2,1.0
2026-02-24T07:32:47.795Z,SCD 1,G-2,1.0
2026-02-24T07:32:47.795Z,HST,G-10,1.0
2026-02-24T07:32:47.795Z,CALSPHERE 4A,G-14,1.0
2026-02-24T07:32:47.795Z,CALSPHERE 2,G-13,1.0
2026-02-24T07:32:47.795Z,CALSPHERE 2,G-13,1.0
2026-02-24T07:32:47.795Z,CALSPHERE 2,G-16,1.0
2026-02-24T07:32:47.795Z,CALSPHERE 4A,G-15,1.0
2026-02-24T07:32:47.795Z,CALSPHERE 2,G-16,1.0
2026-02-24T07:32:47.795Z,CALSPHERE 1,G-12,1.0
2026-02-24T07:32:48.795Z,SCD 1,G-2,1.0
2026-02-24T07:32:48.795Z,HST,G-10,1.0
2026-02-24T07:32:49.795Z,SCD 1,G-2,1.0
2026-02-24T07:32:49.795Z,HST,G-10,1.0
2026-02-24T07:32:49.795Z,CALSPHERE 1,G-15,1.0
2026-02-24T07:32:49.795Z,CALSPHERE 2,G-16,1.0
2026-02-24T07:32:49.795Z,CALSPHERE 2,G-18,1.0
2026-02-24T07:32:49.795Z,CALSPHERE 4A,G-18,1.0
2026-02-24T07:32:49.795Z,CALSPHERE 1,G-18,1.0
2026-02-24T07:32:49.795Z,CALSPHERE 2,G-11,1.0
2026-02-24T07:32:49.795Z,CALSPHERE 1,G-13,1.0
2026-02-24T07:32:49.795Z,CALSPHERE 4A,G-12,1.0
2026-02-24T07:32:49.795Z,CALSPHERE 1,G-12,1.0
2026-02-24T07:32:49.795Z,CALSPHERE 1,G-2,1.0
2026-02-24T07:32:49.795Z,CALSPHERE 4A,G-13,1.0
2026-02-24T07:32:49.795Z,CALSPHERE 4A,G-14,1.0
2026-02-24T07:32:49.795Z,CALSPHERE 2,G-10,1.0
2026-02-24T07:32:50.795Z,SCD 1,G-2,1.0
2026-02-24T07:32:50.795Z,HST,G-10,1.0
2026-02-24T07:32:50.795Z,CALSPHERE 2,G-14,1.0
2026-02-24T07:32:50.795Z,CALSPHERE 1,G-14,1.0
2026-02-24T07:32:51.795Z,SCD 1,G-2,1.0
2026-02-24T07:32:51.795Z,HST,G-10,1.0
2026-02-24T07:32:51.795Z,CALSPHERE 2,G-2,1.0
2026-02-24T07:32:53.795Z,SCD 1,G-2,1.0
2026-02-24T07:32:53.795Z,HST,G-10,1.0
2026-02-24T07:32:56.795Z,SCD 1,G-1,1.0
2026-02-24T07:32:56.795Z,SCD 1,G-2,1.0
2026-02-24T07:32:56.795Z,HST,G-10,1.0
2026-02-24T07:33:00.795Z,SCD 1,G-1,1.0
2026-02-24T07:33:00.795Z,SCD 1,G-2,1.0
2026-02-24T07:33:00.795Z,HST,G-10,1.0
2026-02-24T07:33:00.795Z,CALSPHERE 4A,G-10,1.0
2026-02-24T07:33:00.795Z,CALSPHERE 2,G-11,1.0
2026-02-24T07:33:00.795Z,CALSPHERE 1,G-11,1.0
2026-02-24T07:33:00.795Z,CALSPHERE 4A,G-12,1.0
2026-02-24T07:33:00.795Z,CALSPHERE 4A,G-16,1.0
2026-02-24T07:33:00.795Z,CALSPHERE 1,G-16,1.0
2026-02-24T07:33:06.795Z,SCD 1,G-1,1.0
2026-02-24T07:33:06.795Z,SCD 1,G-2,1.0
2026-02-24T07:33:06.795Z,HST,G-10,1.0
2026-02-24T07:33:12.795Z,SCD 1,G-1,1.0
2026-02-24T07:33:12.795Z,SCD 1,G-2,1.0
2026-02-24T07:33:12.795Z,HST,G-10,1.0
2026-02-24T07:33:19.795Z,SCD 1,G-1,1.0
2026-02-24T07:33:19.795Z,SCD 1,G-2,1.0
2026-02-24T07:33:19.795Z,HST,G-10,1.0
2026-02-24T07:33:25.795Z,SCD 1,G-1,1.0
2026-02-24T07:33:25.795Z,CALSPHERE 2,G-12,1.0
2026-02-24T07:33:25.795Z,CALSPHERE 1,G-12,1.0
2026-02-24T07:33:25.795Z,CALSPHERE 2,G-11,1.0
2026-02-24T07:33:25.795Z,SCD 1,G-2,1.0
2026-02-24T07:33:25.795Z,CALSPHERE 2,G-13,1.0
2026-02-24T07:33:25.795Z,HST,G-5,1.0
2026-02-24T07:33:25.795Z,HST,G-10,1.0
2026-02-24T07:33:32.795Z,SCD 1,G-1,1.0
2026-02-24T07:33:32.795Z,SCD 1,G-2,1.0
2026-02-24T07:33:32.795Z,SCD 1,G-3,1.0
2026-02-24T07:33:32.795Z,CALSPHERE 4A,G-13,1.0
2026-02-24T07:33:32.795Z,HST,G-5,1.0
2026-02-24T07:33:32.795Z,HST,G-10,1.0
2026-02-24T07:33:40.795Z,SCD 1,G-1,1.0
2026-02-24T07:33:40.795Z,SCD 1,G-2,1.0
2026-02-24T07:33:40.795Z,CALSPHERE 1,G-15,1.0
2026-02-24T07:33:40.795Z,CALSPHERE 4A,G-15,1.0
2026-02-24T07:33:40.795Z,CALSPHERE 2,G-18,1.0
2026-02-24T07:33:40.795Z,CALSPHERE 1,G-17,1.0
2026-02-24T07:33:40.795Z,CALSPHERE 4A,G-17,1.0
2026-02-24T07:33:40.795Z,CALSPHERE 2,G-15,1.0
2026-02-24T07:33:40.795Z,SCD 1,G-3,1.0
2026-02-24T07:33:40.795Z,HST,G-10,1.0
2026-02-24T07:33:48.795Z,SCD 1,G-1,1.0
2026-02-24T07:33:48.795Z,CALSPHERE 2,G-17,1.0
2026-02-24T07:33:48.795Z,CALSPHERE 1,G-17,1.0
2026-02-24T07:33:48.795Z,SCD 1,G-2,1.0
2026-02-24T07:33:48.795Z,SCD 1,G-3,1.0
2026-02-24T07:33:48.795Z,HST,G-10,1.0
2026-02-24T07:33:48.795Z,CALSPHERE 4A,G-10,1.0
2026-02-24T07:33:55.795Z,SCD 1,G-1,1.0
2026-02-24T07:33:55.795Z,SCD 1,G-2,1.0
2026-02-24T07:33:55.795Z,SCD 1,G-3,1.0
2026-02-24T07:33:55.795Z,HST,G-10,1.0
2026-02-24T07:34:02.795Z,SCD 1,G-1,1.0
2026-02-24T07:34:02.795Z,SCD 1,G-2,1.0
2026-02-24T07:34:02.795Z,CALSPHERE 1,G-13,1.0
2026-02-24T07:34:02.795Z,CALSPHERE 4A,G-14,1.0
2026-02-24T07:34:02.795Z,CALSPHERE 2,G-13,1.0
2026-02-24T07:34:02.795Z,SCD 1,G-3,1.0
2026-02-24T07:34:02.795Z,SCD 1,G-4,1.0
2026-02-24T07:34:02.795Z,HST,G-10,1.0
2026-02-24T07:34:02.795Z,CALSPHERE 4A,G-18,1.0
2026-02-24T07:34:02.795Z,CALSPHERE 1,G-18,1.0
2026-02-24T07:34:02.795Z,CALSPHERE 1,G-14,1.0
2026-02-24T07:34:09.795Z,SCD 1,G-1,1.0
2026-02-24T07:34:09.795Z,SCD 1,G-2,1.0
2026-02-24T07:34:09.795Z,SCD 1,G-3,1.0
2026-02-24T07:34:09.795Z,CALSPHERE 2,G-18,1.0
2026-02-24T07:34:09.795Z,CALSPHERE 4A,G-18,1.0
2026-02-24T07:34:09.795Z,SCD 1,G-4,1.0
2026-02-24T07:34:09.795Z,HST,G-10,1.0
2026-02-24T07:34:17.795Z,SCD 1,G-1,1.0
2026-02-24T07:34:17.795Z,SCD 1,G-2,1.0
2026-02-24T07:34:17.795Z,SCD 1,G-3,1.0
2026-02-24T07:34:17.795Z,CALSPHERE 4A,G-12,1.0
2026-02-24T07:34:17.795Z,SCD 1,G-4,1.0
2026-02-24T07:34:17.795Z,HST,G-10,1.0
2026-02-24T07:34:17.795Z,CALSPHERE 2,G-11,1.0
2026-02-24T07:34:17.795Z,CALSPHERE 4A,G-11,1.0
2026-02-24T07:34:17.795Z,CALSPHERE 1,G-12,1.0
2026-02-24T07:34:25.795Z,SCD 1,G-1,1.0
2026-02-24T07:34:25.795Z,CALSPHERE 4A,G-13,1.0
2026-02-24T07:34:25.795Z,CALSPHERE 2,G-14,1.0
2026-02-24T07:34:25.795Z,SCD 1,G-2,1.0
2026-02-24T07:34:25.795Z,SCD 1,G-3,1.0
2026-02-24T07:34:25.795Z,SCD 1,G-4,1.0
2026-02-24T07:34:25.795Z,HST,G-10,1.0
2026-02-24T07:34:32.795Z,SCD 1,G-1,1.0
2026-02-24T07:34:32.795Z,CALSPHERE 1,G-2,1.0
2026-02-24T07:34:32.795Z,CALSPHERE 2,G-18,1.0
2026-02-24T07:34:32.795Z,CALSPHERE 1,G-17,1.0
2026-02-24T07:34:32.795Z,CALSPHERE 4A,G-17,1.0
2026-02-24T07:34:32.795Z,SCD 1,G-3,1.0
2026-02-24T07:34:32.795Z,SCD 1,G-4,1.0
2026-02-24T07:34:32.795Z,HST,G-10,1.0
2026-02-24T07:34:39.795Z,SCD 1,G-1,1.0
2026-02-24T07:34:39.795Z,SCD 1,G-2,1.0
2026-02-24T07:34:39.795Z,SCD 1,G-3,1.0
2026-02-24T07:34:39.795Z,SCD 1,G-4,1.0
2026-02-24T07:34:39.795Z,HST,G-10,1.0
2026-02-24T07:34:46.795Z,SCD 1,G-1,1.0
2026-02-24T07:34:46.795Z,SCD 1,G-3,1.0
2026-02-24T07:34:46.795Z,SCD 1,G-4,1.0
2026-02-24T07:34:46.795Z,HST,G-10,1.0
2026-02-24T07:34:52.795Z,SCD 1,G-1,1.0
2026-02-24T07:34:52.795Z,SCD 1,G-3,1.0
2026-02-24T07:34:52.795Z,CALSPHERE 4A,G-3,1.0
2026-02-24T07:34:52.795Z,SCD 1,G-4,1.0
2026-02-24T07:34:52.795Z,HST,G-10,1.0
2026-02-24T07:34:52.795Z,CALSPHERE 2,G-12,1.0
2026-02-24T07:34:52.795Z,CALSPHERE 1,G-14,1.0
2026-02-24T07:34:58.795Z,SCD 1,G-1,1.0
2026-02-24T07:34:58.795Z,SCD 1,G-3,1.0
2026-02-24T07:34:58.795Z,SCD 1,G-4,1.0
2026-02-24T07:34:58.795Z,HST,G-10,1.0
2026-02-24T07:35:04.795Z,SCD 1,G-1,1.0
2026-02-24T07:35:04.795Z,SCD 1,G-3,1.0
2026-02-24T07:35:04.795Z,CALSPHERE 1,G-14,1.0
2026-02-24T07:35:04.795Z,SCD 1,G-4,1.0
2026-02-24T07:35:04.795Z,HST,G-10,1.0
2026-02-24T07:35:11.795Z,SCD 1,G-1,1.0
2026-02-24T07:35:11.795Z,SCD 1,G-3,1.0
2026-02-24T07:35:11.795Z,CALSPHERE 4A,G-12,1.0
2026-02-24T07:35:11.795Z,SCD 1,G-4,1.0
2026-02-24T07:35:11.795Z,HST,G-10,1.0
2026-02-24T07:35:11.795Z,CALSPHERE 4A,G-17,1.0
2026-02-24T07:35:11.795Z,CALSPHERE 2,G-18,1.0
2026-02-24T07:35:11.795Z,CALSPHERE 1,G-18,1.0
2026-02-24T07:35:11.795Z,CALSPHERE 1,G-11,1.0
2026-02-24T07:35:18.795Z,SCD 1,G-1,1.0
2026-02-24T07:35:18.795Z,SCD 1,G-3,1.0
2026-02-24T07:35:18.795Z,SCD 1,G-4,1.0
2026-02-24T07:35:18.795Z,HST,G-10,1.0
2026-02-24T07:35:18.795Z,CALSPHERE 1,G-15,1.0
2026-02-24T07:35:18.795Z,CALSPHERE 4A,G-11,1.0
2026-02-24T07:35:18.795Z,CALSPHERE 1,G-11,1.0
2026-02-24T07:35:18.795Z,CALSPHERE 2,G-12,1.0
2026-02-24T07:35:25.795Z,SCD 1,G-1,1.0
2026-02-24T07:35:25.795Z,SCD 1,G-3,1.0
2026-02-24T07:35:25.795Z,CALSPHERE 2,G-18,1.0
2026-02-24T07:35:25.795Z,CALSPHERE 1,G-17,1.0
2026-02-24T07:35:25.795Z,SCD 1,G-4,1.0
2026-02-24T07:35:25.795Z,HST,G-10,1.0
2026-02-24T07:35:25.795Z,CALSPHERE 2,G-16,1.0
2026-02-24T07:35:25.795Z,CALSPHERE 4A,G-15,1.0
2026-02-24T07:35:32.795Z,SCD 1,G-1,1.0
2026-02-24T07:35:32.795Z,CALSPHERE 4A,G-14,1.0
2026-02-24T07:35:32.795Z,CALSPHERE 2,G-14,1.0
2026-02-24T07:35:32.795Z,CALSPHERE 1,G-15,1.0
2026-02-24T07:35:32.795Z,CALSPHERE 4A,G-15,1.0
2026-02-24T07:35:32.795Z,CALSPHERE 2,G-14,1.0
2026-02-24T07:35:32.795Z,CALSPHERE 2,G-3,1.0
2026-02-24T07:35:32.795Z,CALSPHERE 4A,G-14,1.0
2026-02-24T07:35:32.795Z,CALSPHERE 1,G-14,1.0
2026-02-24T07:35:32.795Z,SCD 1,G-4,1.0
2026-02-24T07:35:39.795Z,SCD 1,G-1,1.0
2026-02-24T07:35:39.795Z,SCD 1,G-3,1.0
2026-02-24T07:35:39.795Z,SCD 1,G-4,1.0
2026-02-24T07:35:46.795Z,SCD 1,G-1,1.0
2026-02-24T07:35:46.795Z,SCD 1,G-3,1.0
2026-02-24T07:35:46.795Z,SCD 1,G-4,1.0
2026-02-24T07:35:46.795Z,CALSPHERE 2,G-11,1.0
2026-02-24T07:35:52.795Z,SCD 1,G-1,1.0
2026-02-24T07:35:52.795Z,SCD 1,G-3,1.0
2026-02-24T07:35:52.795Z,SCD 1,G-4,1.0
2026-02-24T07:35:52.795Z,CALSPHERE 4A,G-4,1.0
2026-02-24T07:35:58.795Z,SCD 1,G-1,1.0
2026-02-24T07:35:58.795Z,CALSPHERE 4A,G-17,1.0
2026-02-24T07:35:58.795Z,CALSPHERE 4A,G-17,1.0
2026-02-24T07:35:58.795Z,HST,G-18,1.0
2026-02-24T07:35:58.795Z,SCD 1,G-3,1.0
2026-02-24T07:35:58.795Z,SCD 1,G-4,1.0
2026-02-24T07:36:04.795Z,SCD 1,G-1,1.0
2026-02-24T07:36:04.795Z,CALSPHERE 2,G-14,1.0
2026-02-24T07:36:04.795Z,SCD 1,G-3,1.0
2026-02-24T07:36:04.795Z,SCD 1,G-4,1.0
2026-02-24T07:36:10.795Z,SCD 1,G-3,1.0
2026-02-24T07:36:10.795Z,CALSPHERE 1,G-13,1.0
2026-02-24T07:36:10.795Z,CALSPHERE 1,G-12,1.0
2026-02-24T07:36:10.795Z,SCD 1,G-4,1.0
2026-02-24T07:36:15.795Z,SCD 1,G-3,1.0
2026-02-24T07:36:15.795Z,SCD 1,G-4,1.0
2026-02-24T07:36:21.795Z,SCD 1,G-3,1.0
2026-02-24T07:36:21.795Z,CALSPHERE 4A,G-3,1.0
2026-02-24T07:36:21.795Z,SCD 1,G-4,1.0
2026-02-24T07:36:27.795Z,SCD 1,G-3,1.0
2026-02-24T07:36:27.795Z,SCD 1,G-4,1.0
2026-02-24T07:36:27.795Z,CALSPHERE 4A,G-11,1.0
2026-02-24T07:36:27.795Z,CALSPHERE 2,G-12,1.0
2026-02-24T07:36:33.795Z,SCD 1,G-3,1.0
2026-02-24T07:36:33.795Z,SCD 1,G-4,1.0
2026-02-24T07:36:38.795Z,SCD 1,G-3,1.0
2026-02-24T07:36:38.795Z,SCD 1,G-4,1.0
2026-02-24T07:36:44.795Z,CALSPHERE 1,G-3,1.0
2026-02-24T07:36:44.795Z,SCD 1,G-4,1.0
2026-02-24T07:36:44.795Z,CALSPHERE 2,G-17,1.0
2026-02-24T07:36:49.795Z,SCD 1,G-3,1.0
2026-02-24T07:36:49.795Z,SCD 1,G-4,1.0
2026-02-24T07:36:55.795Z,SCD 1,G-3,1.0
2026-02-24T07:36:55.795Z,CALSPHERE 4A,G-14,1.0
2026-02-24T07:36:55.795Z,SCD 1,G-4,1.0
2026-02-24T07:37:00.795Z,SCD 1,G-3,1.0
2026-02-24T07:37:00.795Z,SCD 1,G-4,1.0
2026-02-24T07:37:06.795Z,SCD 1,G-3,1.0
