sat_name,TLE_Line1,TLE_Line2,light_ranges,shadow_ranges
SAT_0,1 99999U 25001A   25352.12345678  .00000123  00000+0  12345-4 0  9991,2 99999  98.0000 120.0000 0010000  50.0000 310.0000 14.50000000 10001,"[(0, 3)]","[(4, 8)]"
SAT_1,1 88888U 25001B   25352.87654321  .00000456  00000+0  67890-4 0  9992,2 88888  45.0000 210.0000 0020000 150.0000  30.0000 15.20000000 20002,"[(0, 3)]","[(4, 8)]"
